#
# There is insufficient memory for the Java Runtime Environment to continue.
# Native memory allocation (malloc) failed to allocate 1841616 bytes. Error detail: Chunk::new
# Possible reasons:
#   The system is out of physical RAM or swap space
#   This process is running with CompressedOops enabled, and the Java Heap may be blocking the growth of the native heap
# Possible solutions:
#   Reduce memory load on the system
#   Increase physical memory or swap space
#   Check if swap backing store is full
#   Decrease Java heap size (-Xmx/-Xms)
#   Decrease number of Java threads
#   Decrease Java thread stack sizes (-Xss)
#   Set larger code cache with -XX:ReservedCodeCacheSize=
#   JVM is running with Unscaled Compressed Oops mode in which the Java heap is
#     placed in the first 4GB address space. The Java Heap base address is the
#     maximum limit for the native heap growth. Please use -XX:HeapBaseMinAddress
#     to set the Java Heap base and to place the Java Heap above 4GB virtual address.
# This output file may be truncated or incomplete.
#
#  Out of Memory Error (arena.cpp:168), pid=37100, tid=7940
#
# JRE version: OpenJDK Runtime Environment Temurin-21.0.12+8 (21.0.12+8) (build 21.0.12+8-LTS)
# Java VM: OpenJDK 64-Bit Server VM Temurin-21.0.12+8 (21.0.12+8-LTS, mixed mode, sharing, tiered, compressed oops, compressed class ptrs, g1 gc, windows-amd64)
# No core dump will be written. Minidumps are not enabled by default on client versions of Windows
#

---------------  S U M M A R Y ------------

Command Line: -Djava.awt.headless=true -Djava.library.path=C:\Program Files\Eclipse Adoptium\jdk-21.0.12.8-hotspot\bin;C:\Windows\Sun\Java\bin;C:\Windows\system32;C:\Windows;C:\Program Files\Common Files\Oracle\Java\javapath;C:\Windows\system32;C:\Windows;C:\Windows\System32\Wbem;C:\Windows\System32\WindowsPowerShell\v1.0\;C:\Windows\System32\OpenSSH\;C:\Program Files\NVIDIA Corporation\NVIDIA App\NvDLISR;C:\Program Files\dotnet\;C:\Program Files (x86)\NVIDIA Corporation\PhysX\Common;C:\Users\INDIA TECHNOLOGY\AppData\Local\Programs\Python\Python313\;C:\Users\INDIA TECHNOLOGY\AppData\Local\Programs\Python\Python313\Scripts\;C:\Program Files (x86)\Google\Cloud SDK\google-cloud-sdk\bin;C:\Program Files\Git\cmd;C:\Program Files\Tailscale\;C:\Program Files\Amazon\AWSCLIV2\;C:\Program Files\Docker\Docker\resources\bin;C:\Program Files\nodejs\;C:\Users\INDIA TECHNOLOGY\.grok\bin;C:\Users\INDIA TECHNOLOGY\.kimi-code\bin;C:\Users\INDIA TECHNOLOGY\.local\bin;C:\Users\INDIA TECHNOLOGY\.amp\bin;C:\Users\INDIA TECHNOLOGY\.cargo\bin;C:\Users\INDIA TECHNOLOGY\AppData\Local\Programs\Python\Python313\Scripts\;C:\Users\INDIA TECHNOLOGY\AppData\Local\Programs\Python\Python313\;C:\Users\INDIA TECHNOLOGY\AppData\Local\Microsoft\WindowsApps;C:\Users\INDIA TECHNOLOGY\AppData\Local\Programs\Microsoft VS Code\bin;C:\Users\INDIA TECHNOLOGY\AppData\Local\Python\bin;C:\ProgramData\INDIA TECHNOLOGY\GitHubDesktop\bin;C:\Users\INDIA TECHNOLOGY\AppData\Local\GitHubDesktop\bin;C:\Users\INDIA TECHNOLOGY\AppData\Local\Programs\cursor\resources\app\bin;C:\Users\INDIA TECHNOLOGY\.bun\bin;C:\Users\INDIA TECHNOLOGY\AppData\Local\Microsoft\WinGet\Packages\Kubernetes.kubectl_Microsoft.Winget.Source_8wekyb3d8bbwe;C:\Users\INDIA TECHNOLOGY\AppData\Local\PowerToys\DSCModules\;C:\Users\INDIA TECHNOLOGY\AppData\Roaming\npm;C:\Users\INDIA TECHNOLOGY\.openclaw\bin;C:\Users\INDIA TECHNOLOGY\AppData\Local\cursor-agent;.;D:\Github\Tandem\android\app\src\testDebug\jniLibs;D:\Github\Tandem\android\app\src\test\jniLibs -Dorg.gradle.internal.worker.tmpdir=D:\Github\Tandem\android\app\build\tmp\testDebugUnitTest\work --add-opens=java.base/java.io=ALL-UNNAMED -Xmx512m -Dfile.encoding=UTF-8 -Duser.country=US -Duser.language=en -Duser.variant -ea worker.org.gradle.process.internal.worker.GradleWorkerMain 'Gradle Test Executor 31'

Host: 13th Gen Intel(R) Core(TM) i5-13450HX, 16 cores, 39G,  Windows 11 , 64 bit Build 26100 (10.0.26100.8875)
Time: Thu Aug  6 20:30:50 2026 India Standard Time elapsed time: 6.917388 seconds (0d 0h 0m 6s)

---------------  T H R E A D  ---------------

Current thread (0x000001b6203370c0):  JavaThread "C2 CompilerThread0" daemon [_thread_in_native, id=7940, stack(0x00000050c7000000,0x00000050c7100000) (1024K)]


Current CompileTask:
C2:6917 2992       4       java.lang.invoke.MethodType::methodType (69 bytes)

Stack: [0x00000050c7000000,0x00000050c7100000]
Native frames: (J=compiled Java code, j=interpreted, Vv=VM code, C=native code)
V  [jvm.dll+0x6d83e9]
V  [jvm.dll+0x8b5736]
V  [jvm.dll+0x8b7cee]
V  [jvm.dll+0x8b83d3]
V  [jvm.dll+0x284596]
V  [jvm.dll+0xc685d]
V  [jvm.dll+0xc6da1]
V  [jvm.dll+0x3bf151]
V  [jvm.dll+0x38b6d2]
V  [jvm.dll+0x38ab1a]
V  [jvm.dll+0x24c700]
V  [jvm.dll+0x24bce0]
V  [jvm.dll+0x1cb4ae]
V  [jvm.dll+0x25baad]
V  [jvm.dll+0x25a03a]
V  [jvm.dll+0x3f8aae]
V  [jvm.dll+0x8600cd]
V  [jvm.dll+0x6d6c1d]
C  [ucrtbase.dll+0x2cd30]
C  [KERNEL32.DLL+0x2e957]
C  [ntdll.dll+0xaad6c]


---------------  P R O C E S S  ---------------

Threads class SMR info:
_java_thread_list=0x000001b6202ff7d0, length=19, elements={
0x000001b6024cd760, 0x000001b620321730, 0x000001b620322190, 0x000001b6203262b0,
0x000001b6203274b0, 0x000001b620327f10, 0x000001b62032bba0, 0x000001b6203370c0,
0x000001b62033b670, 0x000001b620402430, 0x000001b62053ce10, 0x000001b6205a7600,
0x000001b6205a0a40, 0x000001b666031ec0, 0x000001b6660764b0, 0x000001b620cf2b90,
0x000001b6661e53c0, 0x000001b66663fdc0, 0x000001b666656330
}

Java Threads: ( => current thread )
  0x000001b6024cd760 JavaThread "Test worker"                       [_thread_blocked, id=1796, stack(0x00000050c6200000,0x00000050c6300000) (1024K)]
  0x000001b620321730 JavaThread "Reference Handler"          daemon [_thread_blocked, id=39292, stack(0x00000050c6a00000,0x00000050c6b00000) (1024K)]
  0x000001b620322190 JavaThread "Finalizer"                  daemon [_thread_blocked, id=44004, stack(0x00000050c6b00000,0x00000050c6c00000) (1024K)]
  0x000001b6203262b0 JavaThread "Signal Dispatcher"          daemon [_thread_blocked, id=19372, stack(0x00000050c6c00000,0x00000050c6d00000) (1024K)]
  0x000001b6203274b0 JavaThread "Attach Listener"            daemon [_thread_blocked, id=13880, stack(0x00000050c6d00000,0x00000050c6e00000) (1024K)]
  0x000001b620327f10 JavaThread "Service Thread"             daemon [_thread_blocked, id=50156, stack(0x00000050c6e00000,0x00000050c6f00000) (1024K)]
  0x000001b62032bba0 JavaThread "Monitor Deflation Thread"   daemon [_thread_blocked, id=44252, stack(0x00000050c6f00000,0x00000050c7000000) (1024K)]
=>0x000001b6203370c0 JavaThread "C2 CompilerThread0"         daemon [_thread_in_native, id=7940, stack(0x00000050c7000000,0x00000050c7100000) (1024K)]
  0x000001b62033b670 JavaThread "C1 CompilerThread0"         daemon [_thread_blocked, id=18928, stack(0x00000050c7100000,0x00000050c7200000) (1024K)]
  0x000001b620402430 JavaThread "C1 CompilerThread1"         daemon [_thread_blocked, id=19688, stack(0x00000050c7200000,0x00000050c7300000) (1024K)]
  0x000001b62053ce10 JavaThread "Notification Thread"        daemon [_thread_blocked, id=23936, stack(0x00000050c7300000,0x00000050c7400000) (1024K)]
  0x000001b6205a7600 JavaThread "Common-Cleaner"             daemon [_thread_blocked, id=44428, stack(0x00000050c7400000,0x00000050c7500000) (1024K)]
  0x000001b6205a0a40 JavaThread "C1 CompilerThread2"         daemon [_thread_blocked, id=39844, stack(0x00000050c7500000,0x00000050c7600000) (1024K)]
  0x000001b666031ec0 JavaThread "C1 CompilerThread3"         daemon [_thread_blocked, id=25660, stack(0x00000050c7600000,0x00000050c7700000) (1024K)]
  0x000001b6660764b0 JavaThread "/127.0.0.1:63097 to /127.0.0.1:63094 workers"        [_thread_blocked, id=33540, stack(0x00000050c7800000,0x00000050c7900000) (1024K)]
  0x000001b620cf2b90 JavaThread "/127.0.0.1:63097 to /127.0.0.1:63094 workers Thread 2"        [_thread_blocked, id=22620, stack(0x00000050c8600000,0x00000050c8700000) (1024K)]
  0x000001b6661e53c0 JavaThread "/127.0.0.1:63097 to /127.0.0.1:63094 workers Thread 3"        [_thread_in_native, id=8784, stack(0x00000050c8700000,0x00000050c8800000) (1024K)]
  0x000001b66663fdc0 JavaThread "SDK 35 Main Thread"                [_thread_in_native, id=43656, stack(0x00000050c8400000,0x00000050c8500000) (1024K)]
  0x000001b666656330 JavaThread "C2 CompilerThread1"         daemon [_thread_in_native, id=39988, stack(0x00000050c8500000,0x00000050c8600000) (1024K)]
Total: 19

Other Threads:
  0x000001b620302810 VMThread "VM Thread"                           [id=43704, stack(0x00000050c6900000,0x00000050c6a00000) (1024K)]
  0x000001b6202e8ab0 WatcherThread "VM Periodic Task Thread"        [id=45876, stack(0x00000050c6800000,0x00000050c6900000) (1024K)]
  0x000001b604868b60 WorkerThread "GC Thread#0"                     [id=45536, stack(0x00000050c6300000,0x00000050c6400000) (1024K)]
  0x000001b620d37a10 WorkerThread "GC Thread#1"                     [id=13180, stack(0x00000050c7900000,0x00000050c7a00000) (1024K)]
  0x000001b620d37dc0 WorkerThread "GC Thread#2"                     [id=21972, stack(0x00000050c7a00000,0x00000050c7b00000) (1024K)]
  0x000001b620d38580 WorkerThread "GC Thread#3"                     [id=8788, stack(0x00000050c7b00000,0x00000050c7c00000) (1024K)]
  0x000001b620d38930 WorkerThread "GC Thread#4"                     [id=5680, stack(0x00000050c7c00000,0x00000050c7d00000) (1024K)]
  0x000001b620d38ce0 WorkerThread "GC Thread#5"                     [id=50020, stack(0x00000050c7d00000,0x00000050c7e00000) (1024K)]
  0x000001b620d39090 WorkerThread "GC Thread#6"                     [id=18600, stack(0x00000050c7e00000,0x00000050c7f00000) (1024K)]
  0x000001b620cb6bc0 WorkerThread "GC Thread#7"                     [id=8816, stack(0x00000050c7f00000,0x00000050c8000000) (1024K)]
  0x000001b620cb8f80 WorkerThread "GC Thread#8"                     [id=35056, stack(0x00000050c8000000,0x00000050c8100000) (1024K)]
  0x000001b6660c69d0 WorkerThread "GC Thread#9"                     [id=25472, stack(0x00000050c8100000,0x00000050c8200000) (1024K)]
  0x000001b6660c6d80 WorkerThread "GC Thread#10"                    [id=27900, stack(0x00000050c8200000,0x00000050c8300000) (1024K)]
  0x000001b6660c7130 WorkerThread "GC Thread#11"                    [id=40992, stack(0x00000050c8300000,0x00000050c8400000) (1024K)]
  0x000001b6661eeab0 WorkerThread "GC Thread#12"                    [id=32956, stack(0x00000050c8900000,0x00000050c8a00000) (1024K)]
  0x000001b60488a9b0 ConcurrentGCThread "G1 Main Marker"            [id=20332, stack(0x00000050c6400000,0x00000050c6500000) (1024K)]
  0x000001b60488b4c0 WorkerThread "G1 Conc#0"                       [id=50632, stack(0x00000050c6500000,0x00000050c6600000) (1024K)]
  0x000001b6201b8090 ConcurrentGCThread "G1 Refine#0"               [id=14952, stack(0x00000050c6600000,0x00000050c6700000) (1024K)]
  0x000001b6201ba960 ConcurrentGCThread "G1 Service"                [id=38992, stack(0x00000050c6700000,0x00000050c6800000) (1024K)]
Total: 19

Threads with active compile tasks:
C2 CompilerThread0  6934 2992       4       java.lang.invoke.MethodType::methodType (69 bytes)
C2 CompilerThread1  6934 3106       4       org.objectweb.asm.ClassReader::readUtf (44 bytes)
Total: 2

VM state: not at safepoint (normal execution)

VM Mutex/Monitor currently owned by a thread: None

Heap address: 0x00000000e0000000, size: 512 MB, Compressed Oops mode: 32-bit

CDS archive(s) mapped at: [0x000001b621000000-0x000001b621c80000-0x000001b621c80000), size 13107200, SharedBaseAddress: 0x000001b621000000, ArchiveRelocationMode: 1.
Compressed class space mapped at: 0x000001b622000000-0x000001b662000000, reserved size: 1073741824
Narrow klass base: 0x000001b621000000, Narrow klass shift: 0, Narrow klass range: 0x100000000

GC Precious Log:
 CardTable entry size: 512
 Card Set container configuration: InlinePtr #cards 5 size 8 Array Of Cards #cards 12 size 40 Howl #buckets 4 coarsen threshold 1843 Howl Bitmap #cards 512 size 80 coarsen threshold 460 Card regions per heap region 1 cards per card region 2048
 CPUs: 16 total, 16 available
 Memory: 40644M
 Large Page Support: Disabled
 NUMA Support: Disabled
 Compressed Oops: Enabled (32-bit)
 Heap Region Size: 1M
 Heap Min Capacity: 8M
 Heap Initial Capacity: 512M
 Heap Max Capacity: 512M
 Pre-touch: Disabled
 Parallel Workers: 13
 Concurrent Workers: 3
 Concurrent Refinement Workers: 13
 Periodic GC: Disabled

Heap:
 garbage-first heap   total 524288K, used 40571K [0x00000000e0000000, 0x0000000100000000)
  region size 1024K, 14 young (14336K), 6 survivors (6144K)
 Metaspace       used 18164K, committed 18880K, reserved 1114112K
  class space    used 2071K, committed 2368K, reserved 1048576K

Heap Regions: E=young(eden), S=young(survivor), O=old, HS=humongous(starts), HC=humongous(continues), CS=collection set, F=free, TAMS=top-at-mark-start, PB=parsable bottom
|   0|0x00000000e0000000, 0x00000000e0100000, 0x00000000e0100000|100%|HS|  |TAMS 0x00000000e0000000| PB 0x00000000e0000000| Complete 
|   1|0x00000000e0100000, 0x00000000e0200000, 0x00000000e0200000|100%|HC|  |TAMS 0x00000000e0100000| PB 0x00000000e0100000| Complete 
|   2|0x00000000e0200000, 0x00000000e0300000, 0x00000000e0300000|100%|HS|  |TAMS 0x00000000e0200000| PB 0x00000000e0200000| Complete 
|   3|0x00000000e0300000, 0x00000000e0400000, 0x00000000e0400000|100%|HS|  |TAMS 0x00000000e0300000| PB 0x00000000e0300000| Complete 
|   4|0x00000000e0400000, 0x00000000e0500000, 0x00000000e0500000|100%|HS|  |TAMS 0x00000000e0400000| PB 0x00000000e0400000| Complete 
|   5|0x00000000e0500000, 0x00000000e0600000, 0x00000000e0600000|100%|HC|  |TAMS 0x00000000e0500000| PB 0x00000000e0500000| Complete 
|   6|0x00000000e0600000, 0x00000000e0700000, 0x00000000e0700000|100%| O|  |TAMS 0x00000000e0600000| PB 0x00000000e0600000| Untracked 
|   7|0x00000000e0700000, 0x00000000e0800000, 0x00000000e0800000|100%| O|  |TAMS 0x00000000e0700000| PB 0x00000000e0700000| Untracked 
|   8|0x00000000e0800000, 0x00000000e0900000, 0x00000000e0900000|100%| O|  |TAMS 0x00000000e0800000| PB 0x00000000e0800000| Untracked 
|   9|0x00000000e0900000, 0x00000000e0a00000, 0x00000000e0a00000|100%| O|  |TAMS 0x00000000e0900000| PB 0x00000000e0900000| Untracked 
|  10|0x00000000e0a00000, 0x00000000e0b00000, 0x00000000e0b00000|100%| O|  |TAMS 0x00000000e0a00000| PB 0x00000000e0a00000| Untracked 
|  11|0x00000000e0b00000, 0x00000000e0c00000, 0x00000000e0c00000|100%| O|  |TAMS 0x00000000e0b00000| PB 0x00000000e0b00000| Untracked 
|  12|0x00000000e0c00000, 0x00000000e0d00000, 0x00000000e0d00000|100%| O|  |TAMS 0x00000000e0c00000| PB 0x00000000e0c00000| Untracked 
|  13|0x00000000e0d00000, 0x00000000e0e00000, 0x00000000e0e00000|100%|HS|  |TAMS 0x00000000e0d00000| PB 0x00000000e0d00000| Complete 
|  14|0x00000000e0e00000, 0x00000000e0f00000, 0x00000000e0f00000|100%|HC|  |TAMS 0x00000000e0e00000| PB 0x00000000e0e00000| Complete 
|  15|0x00000000e0f00000, 0x00000000e1000000, 0x00000000e1000000|100%|HC|  |TAMS 0x00000000e0f00000| PB 0x00000000e0f00000| Complete 
|  16|0x00000000e1000000, 0x00000000e1100000, 0x00000000e1100000|100%|HC|  |TAMS 0x00000000e1000000| PB 0x00000000e1000000| Complete 
|  17|0x00000000e1100000, 0x00000000e1200000, 0x00000000e1200000|100%|HC|  |TAMS 0x00000000e1100000| PB 0x00000000e1100000| Complete 
|  18|0x00000000e1200000, 0x00000000e1300000, 0x00000000e1300000|100%|HC|  |TAMS 0x00000000e1200000| PB 0x00000000e1200000| Complete 
|  19|0x00000000e1300000, 0x00000000e1400000, 0x00000000e1400000|100%|HC|  |TAMS 0x00000000e1300000| PB 0x00000000e1300000| Complete 
|  20|0x00000000e1400000, 0x00000000e1400000, 0x00000000e1500000|  0%| F|  |TAMS 0x00000000e1400000| PB 0x00000000e1400000| Untracked 
|  21|0x00000000e1500000, 0x00000000e1600000, 0x00000000e1600000|100%| O|  |TAMS 0x00000000e1500000| PB 0x00000000e1500000| Untracked 
|  22|0x00000000e1600000, 0x00000000e1700000, 0x00000000e1700000|100%| O|  |TAMS 0x00000000e1600000| PB 0x00000000e1600000| Untracked 
|  23|0x00000000e1700000, 0x00000000e1800000, 0x00000000e1800000|100%| O|  |TAMS 0x00000000e1700000| PB 0x00000000e1700000| Untracked 
|  24|0x00000000e1800000, 0x00000000e1900000, 0x00000000e1900000|100%| O|  |TAMS 0x00000000e1800000| PB 0x00000000e1800000| Untracked 
|  25|0x00000000e1900000, 0x00000000e1900000, 0x00000000e1a00000|  0%| F|  |TAMS 0x00000000e1900000| PB 0x00000000e1900000| Untracked 
|  26|0x00000000e1a00000, 0x00000000e1a00000, 0x00000000e1b00000|  0%| F|  |TAMS 0x00000000e1a00000| PB 0x00000000e1a00000| Untracked 
|  27|0x00000000e1b00000, 0x00000000e1b00000, 0x00000000e1c00000|  0%| F|  |TAMS 0x00000000e1b00000| PB 0x00000000e1b00000| Untracked 
|  28|0x00000000e1c00000, 0x00000000e1c00000, 0x00000000e1d00000|  0%| F|  |TAMS 0x00000000e1c00000| PB 0x00000000e1c00000| Untracked 
|  29|0x00000000e1d00000, 0x00000000e1d00000, 0x00000000e1e00000|  0%| F|  |TAMS 0x00000000e1d00000| PB 0x00000000e1d00000| Untracked 
|  30|0x00000000e1e00000, 0x00000000e1f00000, 0x00000000e1f00000|100%| O|  |TAMS 0x00000000e1e00000| PB 0x00000000e1e00000| Untracked 
|  31|0x00000000e1f00000, 0x00000000e2000000, 0x00000000e2000000|100%| O|  |TAMS 0x00000000e1f00000| PB 0x00000000e1f00000| Untracked 
|  32|0x00000000e2000000, 0x00000000e20f2b28, 0x00000000e2100000| 94%| O|  |TAMS 0x00000000e2000000| PB 0x00000000e2000000| Untracked 
|  33|0x00000000e2100000, 0x00000000e2100000, 0x00000000e2200000|  0%| F|  |TAMS 0x00000000e2100000| PB 0x00000000e2100000| Untracked 
|  34|0x00000000e2200000, 0x00000000e2200000, 0x00000000e2300000|  0%| F|  |TAMS 0x00000000e2200000| PB 0x00000000e2200000| Untracked 
|  35|0x00000000e2300000, 0x00000000e2300000, 0x00000000e2400000|  0%| F|  |TAMS 0x00000000e2300000| PB 0x00000000e2300000| Untracked 
|  36|0x00000000e2400000, 0x00000000e2400000, 0x00000000e2500000|  0%| F|  |TAMS 0x00000000e2400000| PB 0x00000000e2400000| Untracked 
|  37|0x00000000e2500000, 0x00000000e2500000, 0x00000000e2600000|  0%| F|  |TAMS 0x00000000e2500000| PB 0x00000000e2500000| Untracked 
|  38|0x00000000e2600000, 0x00000000e2600000, 0x00000000e2700000|  0%| F|  |TAMS 0x00000000e2600000| PB 0x00000000e2600000| Untracked 
|  39|0x00000000e2700000, 0x00000000e2700000, 0x00000000e2800000|  0%| F|  |TAMS 0x00000000e2700000| PB 0x00000000e2700000| Untracked 
|  40|0x00000000e2800000, 0x00000000e2800000, 0x00000000e2900000|  0%| F|  |TAMS 0x00000000e2800000| PB 0x00000000e2800000| Untracked 
|  41|0x00000000e2900000, 0x00000000e2900000, 0x00000000e2a00000|  0%| F|  |TAMS 0x00000000e2900000| PB 0x00000000e2900000| Untracked 
|  42|0x00000000e2a00000, 0x00000000e2a00000, 0x00000000e2b00000|  0%| F|  |TAMS 0x00000000e2a00000| PB 0x00000000e2a00000| Untracked 
|  43|0x00000000e2b00000, 0x00000000e2b00000, 0x00000000e2c00000|  0%| F|  |TAMS 0x00000000e2b00000| PB 0x00000000e2b00000| Untracked 
|  44|0x00000000e2c00000, 0x00000000e2c00000, 0x00000000e2d00000|  0%| F|  |TAMS 0x00000000e2c00000| PB 0x00000000e2c00000| Untracked 
|  45|0x00000000e2d00000, 0x00000000e2d00000, 0x00000000e2e00000|  0%| F|  |TAMS 0x00000000e2d00000| PB 0x00000000e2d00000| Untracked 
|  46|0x00000000e2e00000, 0x00000000e2e00000, 0x00000000e2f00000|  0%| F|  |TAMS 0x00000000e2e00000| PB 0x00000000e2e00000| Untracked 
|  47|0x00000000e2f00000, 0x00000000e2f00000, 0x00000000e3000000|  0%| F|  |TAMS 0x00000000e2f00000| PB 0x00000000e2f00000| Untracked 
|  48|0x00000000e3000000, 0x00000000e3000000, 0x00000000e3100000|  0%| F|  |TAMS 0x00000000e3000000| PB 0x00000000e3000000| Untracked 
|  49|0x00000000e3100000, 0x00000000e3100000, 0x00000000e3200000|  0%| F|  |TAMS 0x00000000e3100000| PB 0x00000000e3100000| Untracked 
|  50|0x00000000e3200000, 0x00000000e3200000, 0x00000000e3300000|  0%| F|  |TAMS 0x00000000e3200000| PB 0x00000000e3200000| Untracked 
|  51|0x00000000e3300000, 0x00000000e3300000, 0x00000000e3400000|  0%| F|  |TAMS 0x00000000e3300000| PB 0x00000000e3300000| Untracked 
|  52|0x00000000e3400000, 0x00000000e3400000, 0x00000000e3500000|  0%| F|  |TAMS 0x00000000e3400000| PB 0x00000000e3400000| Untracked 
|  53|0x00000000e3500000, 0x00000000e3500000, 0x00000000e3600000|  0%| F|  |TAMS 0x00000000e3500000| PB 0x00000000e3500000| Untracked 
|  54|0x00000000e3600000, 0x00000000e3600000, 0x00000000e3700000|  0%| F|  |TAMS 0x00000000e3600000| PB 0x00000000e3600000| Untracked 
|  55|0x00000000e3700000, 0x00000000e3700000, 0x00000000e3800000|  0%| F|  |TAMS 0x00000000e3700000| PB 0x00000000e3700000| Untracked 
|  56|0x00000000e3800000, 0x00000000e3800000, 0x00000000e3900000|  0%| F|  |TAMS 0x00000000e3800000| PB 0x00000000e3800000| Untracked 
|  57|0x00000000e3900000, 0x00000000e3900000, 0x00000000e3a00000|  0%| F|  |TAMS 0x00000000e3900000| PB 0x00000000e3900000| Untracked 
|  58|0x00000000e3a00000, 0x00000000e3a00000, 0x00000000e3b00000|  0%| F|  |TAMS 0x00000000e3a00000| PB 0x00000000e3a00000| Untracked 
|  59|0x00000000e3b00000, 0x00000000e3b00000, 0x00000000e3c00000|  0%| F|  |TAMS 0x00000000e3b00000| PB 0x00000000e3b00000| Untracked 
|  60|0x00000000e3c00000, 0x00000000e3c00000, 0x00000000e3d00000|  0%| F|  |TAMS 0x00000000e3c00000| PB 0x00000000e3c00000| Untracked 
|  61|0x00000000e3d00000, 0x00000000e3d00000, 0x00000000e3e00000|  0%| F|  |TAMS 0x00000000e3d00000| PB 0x00000000e3d00000| Untracked 
|  62|0x00000000e3e00000, 0x00000000e3e00000, 0x00000000e3f00000|  0%| F|  |TAMS 0x00000000e3e00000| PB 0x00000000e3e00000| Untracked 
|  63|0x00000000e3f00000, 0x00000000e3f00000, 0x00000000e4000000|  0%| F|  |TAMS 0x00000000e3f00000| PB 0x00000000e3f00000| Untracked 
|  64|0x00000000e4000000, 0x00000000e4000000, 0x00000000e4100000|  0%| F|  |TAMS 0x00000000e4000000| PB 0x00000000e4000000| Untracked 
|  65|0x00000000e4100000, 0x00000000e4100000, 0x00000000e4200000|  0%| F|  |TAMS 0x00000000e4100000| PB 0x00000000e4100000| Untracked 
|  66|0x00000000e4200000, 0x00000000e4200000, 0x00000000e4300000|  0%| F|  |TAMS 0x00000000e4200000| PB 0x00000000e4200000| Untracked 
|  67|0x00000000e4300000, 0x00000000e4300000, 0x00000000e4400000|  0%| F|  |TAMS 0x00000000e4300000| PB 0x00000000e4300000| Untracked 
|  68|0x00000000e4400000, 0x00000000e4400000, 0x00000000e4500000|  0%| F|  |TAMS 0x00000000e4400000| PB 0x00000000e4400000| Untracked 
|  69|0x00000000e4500000, 0x00000000e4500000, 0x00000000e4600000|  0%| F|  |TAMS 0x00000000e4500000| PB 0x00000000e4500000| Untracked 
|  70|0x00000000e4600000, 0x00000000e4600000, 0x00000000e4700000|  0%| F|  |TAMS 0x00000000e4600000| PB 0x00000000e4600000| Untracked 
|  71|0x00000000e4700000, 0x00000000e4700000, 0x00000000e4800000|  0%| F|  |TAMS 0x00000000e4700000| PB 0x00000000e4700000| Untracked 
|  72|0x00000000e4800000, 0x00000000e4800000, 0x00000000e4900000|  0%| F|  |TAMS 0x00000000e4800000| PB 0x00000000e4800000| Untracked 
|  73|0x00000000e4900000, 0x00000000e4900000, 0x00000000e4a00000|  0%| F|  |TAMS 0x00000000e4900000| PB 0x00000000e4900000| Untracked 
|  74|0x00000000e4a00000, 0x00000000e4a00000, 0x00000000e4b00000|  0%| F|  |TAMS 0x00000000e4a00000| PB 0x00000000e4a00000| Untracked 
|  75|0x00000000e4b00000, 0x00000000e4b00000, 0x00000000e4c00000|  0%| F|  |TAMS 0x00000000e4b00000| PB 0x00000000e4b00000| Untracked 
|  76|0x00000000e4c00000, 0x00000000e4c00000, 0x00000000e4d00000|  0%| F|  |TAMS 0x00000000e4c00000| PB 0x00000000e4c00000| Untracked 
|  77|0x00000000e4d00000, 0x00000000e4d00000, 0x00000000e4e00000|  0%| F|  |TAMS 0x00000000e4d00000| PB 0x00000000e4d00000| Untracked 
|  78|0x00000000e4e00000, 0x00000000e4e00000, 0x00000000e4f00000|  0%| F|  |TAMS 0x00000000e4e00000| PB 0x00000000e4e00000| Untracked 
|  79|0x00000000e4f00000, 0x00000000e4f00000, 0x00000000e5000000|  0%| F|  |TAMS 0x00000000e4f00000| PB 0x00000000e4f00000| Untracked 
|  80|0x00000000e5000000, 0x00000000e5000000, 0x00000000e5100000|  0%| F|  |TAMS 0x00000000e5000000| PB 0x00000000e5000000| Untracked 
|  81|0x00000000e5100000, 0x00000000e5100000, 0x00000000e5200000|  0%| F|  |TAMS 0x00000000e5100000| PB 0x00000000e5100000| Untracked 
|  82|0x00000000e5200000, 0x00000000e5200000, 0x00000000e5300000|  0%| F|  |TAMS 0x00000000e5200000| PB 0x00000000e5200000| Untracked 
|  83|0x00000000e5300000, 0x00000000e5300000, 0x00000000e5400000|  0%| F|  |TAMS 0x00000000e5300000| PB 0x00000000e5300000| Untracked 
|  84|0x00000000e5400000, 0x00000000e5400000, 0x00000000e5500000|  0%| F|  |TAMS 0x00000000e5400000| PB 0x00000000e5400000| Untracked 
|  85|0x00000000e5500000, 0x00000000e5500000, 0x00000000e5600000|  0%| F|  |TAMS 0x00000000e5500000| PB 0x00000000e5500000| Untracked 
|  86|0x00000000e5600000, 0x00000000e5600000, 0x00000000e5700000|  0%| F|  |TAMS 0x00000000e5600000| PB 0x00000000e5600000| Untracked 
|  87|0x00000000e5700000, 0x00000000e5700000, 0x00000000e5800000|  0%| F|  |TAMS 0x00000000e5700000| PB 0x00000000e5700000| Untracked 
|  88|0x00000000e5800000, 0x00000000e5800000, 0x00000000e5900000|  0%| F|  |TAMS 0x00000000e5800000| PB 0x00000000e5800000| Untracked 
|  89|0x00000000e5900000, 0x00000000e5900000, 0x00000000e5a00000|  0%| F|  |TAMS 0x00000000e5900000| PB 0x00000000e5900000| Untracked 
|  90|0x00000000e5a00000, 0x00000000e5a00000, 0x00000000e5b00000|  0%| F|  |TAMS 0x00000000e5a00000| PB 0x00000000e5a00000| Untracked 
|  91|0x00000000e5b00000, 0x00000000e5b00000, 0x00000000e5c00000|  0%| F|  |TAMS 0x00000000e5b00000| PB 0x00000000e5b00000| Untracked 
|  92|0x00000000e5c00000, 0x00000000e5c00000, 0x00000000e5d00000|  0%| F|  |TAMS 0x00000000e5c00000| PB 0x00000000e5c00000| Untracked 
|  93|0x00000000e5d00000, 0x00000000e5d00000, 0x00000000e5e00000|  0%| F|  |TAMS 0x00000000e5d00000| PB 0x00000000e5d00000| Untracked 
|  94|0x00000000e5e00000, 0x00000000e5e00000, 0x00000000e5f00000|  0%| F|  |TAMS 0x00000000e5e00000| PB 0x00000000e5e00000| Untracked 
|  95|0x00000000e5f00000, 0x00000000e5f00000, 0x00000000e6000000|  0%| F|  |TAMS 0x00000000e5f00000| PB 0x00000000e5f00000| Untracked 
|  96|0x00000000e6000000, 0x00000000e6000000, 0x00000000e6100000|  0%| F|  |TAMS 0x00000000e6000000| PB 0x00000000e6000000| Untracked 
|  97|0x00000000e6100000, 0x00000000e6100000, 0x00000000e6200000|  0%| F|  |TAMS 0x00000000e6100000| PB 0x00000000e6100000| Untracked 
|  98|0x00000000e6200000, 0x00000000e6200000, 0x00000000e6300000|  0%| F|  |TAMS 0x00000000e6200000| PB 0x00000000e6200000| Untracked 
|  99|0x00000000e6300000, 0x00000000e6300000, 0x00000000e6400000|  0%| F|  |TAMS 0x00000000e6300000| PB 0x00000000e6300000| Untracked 
| 100|0x00000000e6400000, 0x00000000e6400000, 0x00000000e6500000|  0%| F|  |TAMS 0x00000000e6400000| PB 0x00000000e6400000| Untracked 
| 101|0x00000000e6500000, 0x00000000e6500000, 0x00000000e6600000|  0%| F|  |TAMS 0x00000000e6500000| PB 0x00000000e6500000| Untracked 
| 102|0x00000000e6600000, 0x00000000e6600000, 0x00000000e6700000|  0%| F|  |TAMS 0x00000000e6600000| PB 0x00000000e6600000| Untracked 
| 103|0x00000000e6700000, 0x00000000e6700000, 0x00000000e6800000|  0%| F|  |TAMS 0x00000000e6700000| PB 0x00000000e6700000| Untracked 
| 104|0x00000000e6800000, 0x00000000e6800000, 0x00000000e6900000|  0%| F|  |TAMS 0x00000000e6800000| PB 0x00000000e6800000| Untracked 
| 105|0x00000000e6900000, 0x00000000e6900000, 0x00000000e6a00000|  0%| F|  |TAMS 0x00000000e6900000| PB 0x00000000e6900000| Untracked 
| 106|0x00000000e6a00000, 0x00000000e6a00000, 0x00000000e6b00000|  0%| F|  |TAMS 0x00000000e6a00000| PB 0x00000000e6a00000| Untracked 
| 107|0x00000000e6b00000, 0x00000000e6b00000, 0x00000000e6c00000|  0%| F|  |TAMS 0x00000000e6b00000| PB 0x00000000e6b00000| Untracked 
| 108|0x00000000e6c00000, 0x00000000e6c00000, 0x00000000e6d00000|  0%| F|  |TAMS 0x00000000e6c00000| PB 0x00000000e6c00000| Untracked 
| 109|0x00000000e6d00000, 0x00000000e6d00000, 0x00000000e6e00000|  0%| F|  |TAMS 0x00000000e6d00000| PB 0x00000000e6d00000| Untracked 
| 110|0x00000000e6e00000, 0x00000000e6e00000, 0x00000000e6f00000|  0%| F|  |TAMS 0x00000000e6e00000| PB 0x00000000e6e00000| Untracked 
| 111|0x00000000e6f00000, 0x00000000e6f00000, 0x00000000e7000000|  0%| F|  |TAMS 0x00000000e6f00000| PB 0x00000000e6f00000| Untracked 
| 112|0x00000000e7000000, 0x00000000e7000000, 0x00000000e7100000|  0%| F|  |TAMS 0x00000000e7000000| PB 0x00000000e7000000| Untracked 
| 113|0x00000000e7100000, 0x00000000e7100000, 0x00000000e7200000|  0%| F|  |TAMS 0x00000000e7100000| PB 0x00000000e7100000| Untracked 
| 114|0x00000000e7200000, 0x00000000e7200000, 0x00000000e7300000|  0%| F|  |TAMS 0x00000000e7200000| PB 0x00000000e7200000| Untracked 
| 115|0x00000000e7300000, 0x00000000e7300000, 0x00000000e7400000|  0%| F|  |TAMS 0x00000000e7300000| PB 0x00000000e7300000| Untracked 
| 116|0x00000000e7400000, 0x00000000e7400000, 0x00000000e7500000|  0%| F|  |TAMS 0x00000000e7400000| PB 0x00000000e7400000| Untracked 
| 117|0x00000000e7500000, 0x00000000e7500000, 0x00000000e7600000|  0%| F|  |TAMS 0x00000000e7500000| PB 0x00000000e7500000| Untracked 
| 118|0x00000000e7600000, 0x00000000e7600000, 0x00000000e7700000|  0%| F|  |TAMS 0x00000000e7600000| PB 0x00000000e7600000| Untracked 
| 119|0x00000000e7700000, 0x00000000e7700000, 0x00000000e7800000|  0%| F|  |TAMS 0x00000000e7700000| PB 0x00000000e7700000| Untracked 
| 120|0x00000000e7800000, 0x00000000e7800000, 0x00000000e7900000|  0%| F|  |TAMS 0x00000000e7800000| PB 0x00000000e7800000| Untracked 
| 121|0x00000000e7900000, 0x00000000e7900000, 0x00000000e7a00000|  0%| F|  |TAMS 0x00000000e7900000| PB 0x00000000e7900000| Untracked 
| 122|0x00000000e7a00000, 0x00000000e7a00000, 0x00000000e7b00000|  0%| F|  |TAMS 0x00000000e7a00000| PB 0x00000000e7a00000| Untracked 
| 123|0x00000000e7b00000, 0x00000000e7b00000, 0x00000000e7c00000|  0%| F|  |TAMS 0x00000000e7b00000| PB 0x00000000e7b00000| Untracked 
| 124|0x00000000e7c00000, 0x00000000e7c00000, 0x00000000e7d00000|  0%| F|  |TAMS 0x00000000e7c00000| PB 0x00000000e7c00000| Untracked 
| 125|0x00000000e7d00000, 0x00000000e7d00000, 0x00000000e7e00000|  0%| F|  |TAMS 0x00000000e7d00000| PB 0x00000000e7d00000| Untracked 
| 126|0x00000000e7e00000, 0x00000000e7e00000, 0x00000000e7f00000|  0%| F|  |TAMS 0x00000000e7e00000| PB 0x00000000e7e00000| Untracked 
| 127|0x00000000e7f00000, 0x00000000e7f00000, 0x00000000e8000000|  0%| F|  |TAMS 0x00000000e7f00000| PB 0x00000000e7f00000| Untracked 
| 128|0x00000000e8000000, 0x00000000e8000000, 0x00000000e8100000|  0%| F|  |TAMS 0x00000000e8000000| PB 0x00000000e8000000| Untracked 
| 129|0x00000000e8100000, 0x00000000e8100000, 0x00000000e8200000|  0%| F|  |TAMS 0x00000000e8100000| PB 0x00000000e8100000| Untracked 
| 130|0x00000000e8200000, 0x00000000e8200000, 0x00000000e8300000|  0%| F|  |TAMS 0x00000000e8200000| PB 0x00000000e8200000| Untracked 
| 131|0x00000000e8300000, 0x00000000e8300000, 0x00000000e8400000|  0%| F|  |TAMS 0x00000000e8300000| PB 0x00000000e8300000| Untracked 
| 132|0x00000000e8400000, 0x00000000e8400000, 0x00000000e8500000|  0%| F|  |TAMS 0x00000000e8400000| PB 0x00000000e8400000| Untracked 
| 133|0x00000000e8500000, 0x00000000e8500000, 0x00000000e8600000|  0%| F|  |TAMS 0x00000000e8500000| PB 0x00000000e8500000| Untracked 
| 134|0x00000000e8600000, 0x00000000e8600000, 0x00000000e8700000|  0%| F|  |TAMS 0x00000000e8600000| PB 0x00000000e8600000| Untracked 
| 135|0x00000000e8700000, 0x00000000e8700000, 0x00000000e8800000|  0%| F|  |TAMS 0x00000000e8700000| PB 0x00000000e8700000| Untracked 
| 136|0x00000000e8800000, 0x00000000e8800000, 0x00000000e8900000|  0%| F|  |TAMS 0x00000000e8800000| PB 0x00000000e8800000| Untracked 
| 137|0x00000000e8900000, 0x00000000e8900000, 0x00000000e8a00000|  0%| F|  |TAMS 0x00000000e8900000| PB 0x00000000e8900000| Untracked 
| 138|0x00000000e8a00000, 0x00000000e8a00000, 0x00000000e8b00000|  0%| F|  |TAMS 0x00000000e8a00000| PB 0x00000000e8a00000| Untracked 
| 139|0x00000000e8b00000, 0x00000000e8b00000, 0x00000000e8c00000|  0%| F|  |TAMS 0x00000000e8b00000| PB 0x00000000e8b00000| Untracked 
| 140|0x00000000e8c00000, 0x00000000e8c00000, 0x00000000e8d00000|  0%| F|  |TAMS 0x00000000e8c00000| PB 0x00000000e8c00000| Untracked 
| 141|0x00000000e8d00000, 0x00000000e8d00000, 0x00000000e8e00000|  0%| F|  |TAMS 0x00000000e8d00000| PB 0x00000000e8d00000| Untracked 
| 142|0x00000000e8e00000, 0x00000000e8e00000, 0x00000000e8f00000|  0%| F|  |TAMS 0x00000000e8e00000| PB 0x00000000e8e00000| Untracked 
| 143|0x00000000e8f00000, 0x00000000e8f00000, 0x00000000e9000000|  0%| F|  |TAMS 0x00000000e8f00000| PB 0x00000000e8f00000| Untracked 
| 144|0x00000000e9000000, 0x00000000e9000000, 0x00000000e9100000|  0%| F|  |TAMS 0x00000000e9000000| PB 0x00000000e9000000| Untracked 
| 145|0x00000000e9100000, 0x00000000e9100000, 0x00000000e9200000|  0%| F|  |TAMS 0x00000000e9100000| PB 0x00000000e9100000| Untracked 
| 146|0x00000000e9200000, 0x00000000e9200000, 0x00000000e9300000|  0%| F|  |TAMS 0x00000000e9200000| PB 0x00000000e9200000| Untracked 
| 147|0x00000000e9300000, 0x00000000e9300000, 0x00000000e9400000|  0%| F|  |TAMS 0x00000000e9300000| PB 0x00000000e9300000| Untracked 
| 148|0x00000000e9400000, 0x00000000e9400000, 0x00000000e9500000|  0%| F|  |TAMS 0x00000000e9400000| PB 0x00000000e9400000| Untracked 
| 149|0x00000000e9500000, 0x00000000e9500000, 0x00000000e9600000|  0%| F|  |TAMS 0x00000000e9500000| PB 0x00000000e9500000| Untracked 
| 150|0x00000000e9600000, 0x00000000e9600000, 0x00000000e9700000|  0%| F|  |TAMS 0x00000000e9600000| PB 0x00000000e9600000| Untracked 
| 151|0x00000000e9700000, 0x00000000e9700000, 0x00000000e9800000|  0%| F|  |TAMS 0x00000000e9700000| PB 0x00000000e9700000| Untracked 
| 152|0x00000000e9800000, 0x00000000e9800000, 0x00000000e9900000|  0%| F|  |TAMS 0x00000000e9800000| PB 0x00000000e9800000| Untracked 
| 153|0x00000000e9900000, 0x00000000e9900000, 0x00000000e9a00000|  0%| F|  |TAMS 0x00000000e9900000| PB 0x00000000e9900000| Untracked 
| 154|0x00000000e9a00000, 0x00000000e9a00000, 0x00000000e9b00000|  0%| F|  |TAMS 0x00000000e9a00000| PB 0x00000000e9a00000| Untracked 
| 155|0x00000000e9b00000, 0x00000000e9b00000, 0x00000000e9c00000|  0%| F|  |TAMS 0x00000000e9b00000| PB 0x00000000e9b00000| Untracked 
| 156|0x00000000e9c00000, 0x00000000e9c00000, 0x00000000e9d00000|  0%| F|  |TAMS 0x00000000e9c00000| PB 0x00000000e9c00000| Untracked 
| 157|0x00000000e9d00000, 0x00000000e9d00000, 0x00000000e9e00000|  0%| F|  |TAMS 0x00000000e9d00000| PB 0x00000000e9d00000| Untracked 
| 158|0x00000000e9e00000, 0x00000000e9e00000, 0x00000000e9f00000|  0%| F|  |TAMS 0x00000000e9e00000| PB 0x00000000e9e00000| Untracked 
| 159|0x00000000e9f00000, 0x00000000e9f00000, 0x00000000ea000000|  0%| F|  |TAMS 0x00000000e9f00000| PB 0x00000000e9f00000| Untracked 
| 160|0x00000000ea000000, 0x00000000ea000000, 0x00000000ea100000|  0%| F|  |TAMS 0x00000000ea000000| PB 0x00000000ea000000| Untracked 
| 161|0x00000000ea100000, 0x00000000ea100000, 0x00000000ea200000|  0%| F|  |TAMS 0x00000000ea100000| PB 0x00000000ea100000| Untracked 
| 162|0x00000000ea200000, 0x00000000ea200000, 0x00000000ea300000|  0%| F|  |TAMS 0x00000000ea200000| PB 0x00000000ea200000| Untracked 
| 163|0x00000000ea300000, 0x00000000ea300000, 0x00000000ea400000|  0%| F|  |TAMS 0x00000000ea300000| PB 0x00000000ea300000| Untracked 
| 164|0x00000000ea400000, 0x00000000ea400000, 0x00000000ea500000|  0%| F|  |TAMS 0x00000000ea400000| PB 0x00000000ea400000| Untracked 
| 165|0x00000000ea500000, 0x00000000ea500000, 0x00000000ea600000|  0%| F|  |TAMS 0x00000000ea500000| PB 0x00000000ea500000| Untracked 
| 166|0x00000000ea600000, 0x00000000ea600000, 0x00000000ea700000|  0%| F|  |TAMS 0x00000000ea600000| PB 0x00000000ea600000| Untracked 
| 167|0x00000000ea700000, 0x00000000ea700000, 0x00000000ea800000|  0%| F|  |TAMS 0x00000000ea700000| PB 0x00000000ea700000| Untracked 
| 168|0x00000000ea800000, 0x00000000ea800000, 0x00000000ea900000|  0%| F|  |TAMS 0x00000000ea800000| PB 0x00000000ea800000| Untracked 
| 169|0x00000000ea900000, 0x00000000ea900000, 0x00000000eaa00000|  0%| F|  |TAMS 0x00000000ea900000| PB 0x00000000ea900000| Untracked 
| 170|0x00000000eaa00000, 0x00000000eaa00000, 0x00000000eab00000|  0%| F|  |TAMS 0x00000000eaa00000| PB 0x00000000eaa00000| Untracked 
| 171|0x00000000eab00000, 0x00000000eab00000, 0x00000000eac00000|  0%| F|  |TAMS 0x00000000eab00000| PB 0x00000000eab00000| Untracked 
| 172|0x00000000eac00000, 0x00000000eac00000, 0x00000000ead00000|  0%| F|  |TAMS 0x00000000eac00000| PB 0x00000000eac00000| Untracked 
| 173|0x00000000ead00000, 0x00000000ead00000, 0x00000000eae00000|  0%| F|  |TAMS 0x00000000ead00000| PB 0x00000000ead00000| Untracked 
| 174|0x00000000eae00000, 0x00000000eae00000, 0x00000000eaf00000|  0%| F|  |TAMS 0x00000000eae00000| PB 0x00000000eae00000| Untracked 
| 175|0x00000000eaf00000, 0x00000000eaf00000, 0x00000000eb000000|  0%| F|  |TAMS 0x00000000eaf00000| PB 0x00000000eaf00000| Untracked 
| 176|0x00000000eb000000, 0x00000000eb000000, 0x00000000eb100000|  0%| F|  |TAMS 0x00000000eb000000| PB 0x00000000eb000000| Untracked 
| 177|0x00000000eb100000, 0x00000000eb100000, 0x00000000eb200000|  0%| F|  |TAMS 0x00000000eb100000| PB 0x00000000eb100000| Untracked 
| 178|0x00000000eb200000, 0x00000000eb200000, 0x00000000eb300000|  0%| F|  |TAMS 0x00000000eb200000| PB 0x00000000eb200000| Untracked 
| 179|0x00000000eb300000, 0x00000000eb300000, 0x00000000eb400000|  0%| F|  |TAMS 0x00000000eb300000| PB 0x00000000eb300000| Untracked 
| 180|0x00000000eb400000, 0x00000000eb400000, 0x00000000eb500000|  0%| F|  |TAMS 0x00000000eb400000| PB 0x00000000eb400000| Untracked 
| 181|0x00000000eb500000, 0x00000000eb500000, 0x00000000eb600000|  0%| F|  |TAMS 0x00000000eb500000| PB 0x00000000eb500000| Untracked 
| 182|0x00000000eb600000, 0x00000000eb600000, 0x00000000eb700000|  0%| F|  |TAMS 0x00000000eb600000| PB 0x00000000eb600000| Untracked 
| 183|0x00000000eb700000, 0x00000000eb700000, 0x00000000eb800000|  0%| F|  |TAMS 0x00000000eb700000| PB 0x00000000eb700000| Untracked 
| 184|0x00000000eb800000, 0x00000000eb800000, 0x00000000eb900000|  0%| F|  |TAMS 0x00000000eb800000| PB 0x00000000eb800000| Untracked 
| 185|0x00000000eb900000, 0x00000000eb900000, 0x00000000eba00000|  0%| F|  |TAMS 0x00000000eb900000| PB 0x00000000eb900000| Untracked 
| 186|0x00000000eba00000, 0x00000000eba00000, 0x00000000ebb00000|  0%| F|  |TAMS 0x00000000eba00000| PB 0x00000000eba00000| Untracked 
| 187|0x00000000ebb00000, 0x00000000ebb00000, 0x00000000ebc00000|  0%| F|  |TAMS 0x00000000ebb00000| PB 0x00000000ebb00000| Untracked 
| 188|0x00000000ebc00000, 0x00000000ebc00000, 0x00000000ebd00000|  0%| F|  |TAMS 0x00000000ebc00000| PB 0x00000000ebc00000| Untracked 
| 189|0x00000000ebd00000, 0x00000000ebd00000, 0x00000000ebe00000|  0%| F|  |TAMS 0x00000000ebd00000| PB 0x00000000ebd00000| Untracked 
| 190|0x00000000ebe00000, 0x00000000ebe00000, 0x00000000ebf00000|  0%| F|  |TAMS 0x00000000ebe00000| PB 0x00000000ebe00000| Untracked 
| 191|0x00000000ebf00000, 0x00000000ebf00000, 0x00000000ec000000|  0%| F|  |TAMS 0x00000000ebf00000| PB 0x00000000ebf00000| Untracked 
| 192|0x00000000ec000000, 0x00000000ec000000, 0x00000000ec100000|  0%| F|  |TAMS 0x00000000ec000000| PB 0x00000000ec000000| Untracked 
| 193|0x00000000ec100000, 0x00000000ec100000, 0x00000000ec200000|  0%| F|  |TAMS 0x00000000ec100000| PB 0x00000000ec100000| Untracked 
| 194|0x00000000ec200000, 0x00000000ec200000, 0x00000000ec300000|  0%| F|  |TAMS 0x00000000ec200000| PB 0x00000000ec200000| Untracked 
| 195|0x00000000ec300000, 0x00000000ec300000, 0x00000000ec400000|  0%| F|  |TAMS 0x00000000ec300000| PB 0x00000000ec300000| Untracked 
| 196|0x00000000ec400000, 0x00000000ec400000, 0x00000000ec500000|  0%| F|  |TAMS 0x00000000ec400000| PB 0x00000000ec400000| Untracked 
| 197|0x00000000ec500000, 0x00000000ec500000, 0x00000000ec600000|  0%| F|  |TAMS 0x00000000ec500000| PB 0x00000000ec500000| Untracked 
| 198|0x00000000ec600000, 0x00000000ec600000, 0x00000000ec700000|  0%| F|  |TAMS 0x00000000ec600000| PB 0x00000000ec600000| Untracked 
| 199|0x00000000ec700000, 0x00000000ec700000, 0x00000000ec800000|  0%| F|  |TAMS 0x00000000ec700000| PB 0x00000000ec700000| Untracked 
| 200|0x00000000ec800000, 0x00000000ec800000, 0x00000000ec900000|  0%| F|  |TAMS 0x00000000ec800000| PB 0x00000000ec800000| Untracked 
| 201|0x00000000ec900000, 0x00000000ec900000, 0x00000000eca00000|  0%| F|  |TAMS 0x00000000ec900000| PB 0x00000000ec900000| Untracked 
| 202|0x00000000eca00000, 0x00000000eca00000, 0x00000000ecb00000|  0%| F|  |TAMS 0x00000000eca00000| PB 0x00000000eca00000| Untracked 
| 203|0x00000000ecb00000, 0x00000000ecb00000, 0x00000000ecc00000|  0%| F|  |TAMS 0x00000000ecb00000| PB 0x00000000ecb00000| Untracked 
| 204|0x00000000ecc00000, 0x00000000ecc00000, 0x00000000ecd00000|  0%| F|  |TAMS 0x00000000ecc00000| PB 0x00000000ecc00000| Untracked 
| 205|0x00000000ecd00000, 0x00000000ecd00000, 0x00000000ece00000|  0%| F|  |TAMS 0x00000000ecd00000| PB 0x00000000ecd00000| Untracked 
| 206|0x00000000ece00000, 0x00000000ece00000, 0x00000000ecf00000|  0%| F|  |TAMS 0x00000000ece00000| PB 0x00000000ece00000| Untracked 
| 207|0x00000000ecf00000, 0x00000000ecf00000, 0x00000000ed000000|  0%| F|  |TAMS 0x00000000ecf00000| PB 0x00000000ecf00000| Untracked 
| 208|0x00000000ed000000, 0x00000000ed000000, 0x00000000ed100000|  0%| F|  |TAMS 0x00000000ed000000| PB 0x00000000ed000000| Untracked 
| 209|0x00000000ed100000, 0x00000000ed100000, 0x00000000ed200000|  0%| F|  |TAMS 0x00000000ed100000| PB 0x00000000ed100000| Untracked 
| 210|0x00000000ed200000, 0x00000000ed200000, 0x00000000ed300000|  0%| F|  |TAMS 0x00000000ed200000| PB 0x00000000ed200000| Untracked 
| 211|0x00000000ed300000, 0x00000000ed300000, 0x00000000ed400000|  0%| F|  |TAMS 0x00000000ed300000| PB 0x00000000ed300000| Untracked 
| 212|0x00000000ed400000, 0x00000000ed400000, 0x00000000ed500000|  0%| F|  |TAMS 0x00000000ed400000| PB 0x00000000ed400000| Untracked 
| 213|0x00000000ed500000, 0x00000000ed500000, 0x00000000ed600000|  0%| F|  |TAMS 0x00000000ed500000| PB 0x00000000ed500000| Untracked 
| 214|0x00000000ed600000, 0x00000000ed600000, 0x00000000ed700000|  0%| F|  |TAMS 0x00000000ed600000| PB 0x00000000ed600000| Untracked 
| 215|0x00000000ed700000, 0x00000000ed700000, 0x00000000ed800000|  0%| F|  |TAMS 0x00000000ed700000| PB 0x00000000ed700000| Untracked 
| 216|0x00000000ed800000, 0x00000000ed800000, 0x00000000ed900000|  0%| F|  |TAMS 0x00000000ed800000| PB 0x00000000ed800000| Untracked 
| 217|0x00000000ed900000, 0x00000000ed900000, 0x00000000eda00000|  0%| F|  |TAMS 0x00000000ed900000| PB 0x00000000ed900000| Untracked 
| 218|0x00000000eda00000, 0x00000000eda00000, 0x00000000edb00000|  0%| F|  |TAMS 0x00000000eda00000| PB 0x00000000eda00000| Untracked 
| 219|0x00000000edb00000, 0x00000000edb00000, 0x00000000edc00000|  0%| F|  |TAMS 0x00000000edb00000| PB 0x00000000edb00000| Untracked 
| 220|0x00000000edc00000, 0x00000000edc00000, 0x00000000edd00000|  0%| F|  |TAMS 0x00000000edc00000| PB 0x00000000edc00000| Untracked 
| 221|0x00000000edd00000, 0x00000000edd00000, 0x00000000ede00000|  0%| F|  |TAMS 0x00000000edd00000| PB 0x00000000edd00000| Untracked 
| 222|0x00000000ede00000, 0x00000000ede00000, 0x00000000edf00000|  0%| F|  |TAMS 0x00000000ede00000| PB 0x00000000ede00000| Untracked 
| 223|0x00000000edf00000, 0x00000000edf00000, 0x00000000ee000000|  0%| F|  |TAMS 0x00000000edf00000| PB 0x00000000edf00000| Untracked 
| 224|0x00000000ee000000, 0x00000000ee000000, 0x00000000ee100000|  0%| F|  |TAMS 0x00000000ee000000| PB 0x00000000ee000000| Untracked 
| 225|0x00000000ee100000, 0x00000000ee100000, 0x00000000ee200000|  0%| F|  |TAMS 0x00000000ee100000| PB 0x00000000ee100000| Untracked 
| 226|0x00000000ee200000, 0x00000000ee200000, 0x00000000ee300000|  0%| F|  |TAMS 0x00000000ee200000| PB 0x00000000ee200000| Untracked 
| 227|0x00000000ee300000, 0x00000000ee300000, 0x00000000ee400000|  0%| F|  |TAMS 0x00000000ee300000| PB 0x00000000ee300000| Untracked 
| 228|0x00000000ee400000, 0x00000000ee400000, 0x00000000ee500000|  0%| F|  |TAMS 0x00000000ee400000| PB 0x00000000ee400000| Untracked 
| 229|0x00000000ee500000, 0x00000000ee500000, 0x00000000ee600000|  0%| F|  |TAMS 0x00000000ee500000| PB 0x00000000ee500000| Untracked 
| 230|0x00000000ee600000, 0x00000000ee600000, 0x00000000ee700000|  0%| F|  |TAMS 0x00000000ee600000| PB 0x00000000ee600000| Untracked 
| 231|0x00000000ee700000, 0x00000000ee700000, 0x00000000ee800000|  0%| F|  |TAMS 0x00000000ee700000| PB 0x00000000ee700000| Untracked 
| 232|0x00000000ee800000, 0x00000000ee800000, 0x00000000ee900000|  0%| F|  |TAMS 0x00000000ee800000| PB 0x00000000ee800000| Untracked 
| 233|0x00000000ee900000, 0x00000000ee900000, 0x00000000eea00000|  0%| F|  |TAMS 0x00000000ee900000| PB 0x00000000ee900000| Untracked 
| 234|0x00000000eea00000, 0x00000000eea00000, 0x00000000eeb00000|  0%| F|  |TAMS 0x00000000eea00000| PB 0x00000000eea00000| Untracked 
| 235|0x00000000eeb00000, 0x00000000eeb00000, 0x00000000eec00000|  0%| F|  |TAMS 0x00000000eeb00000| PB 0x00000000eeb00000| Untracked 
| 236|0x00000000eec00000, 0x00000000eec00000, 0x00000000eed00000|  0%| F|  |TAMS 0x00000000eec00000| PB 0x00000000eec00000| Untracked 
| 237|0x00000000eed00000, 0x00000000eed00000, 0x00000000eee00000|  0%| F|  |TAMS 0x00000000eed00000| PB 0x00000000eed00000| Untracked 
| 238|0x00000000eee00000, 0x00000000eee00000, 0x00000000eef00000|  0%| F|  |TAMS 0x00000000eee00000| PB 0x00000000eee00000| Untracked 
| 239|0x00000000eef00000, 0x00000000eef00000, 0x00000000ef000000|  0%| F|  |TAMS 0x00000000eef00000| PB 0x00000000eef00000| Untracked 
| 240|0x00000000ef000000, 0x00000000ef000000, 0x00000000ef100000|  0%| F|  |TAMS 0x00000000ef000000| PB 0x00000000ef000000| Untracked 
| 241|0x00000000ef100000, 0x00000000ef100000, 0x00000000ef200000|  0%| F|  |TAMS 0x00000000ef100000| PB 0x00000000ef100000| Untracked 
| 242|0x00000000ef200000, 0x00000000ef200000, 0x00000000ef300000|  0%| F|  |TAMS 0x00000000ef200000| PB 0x00000000ef200000| Untracked 
| 243|0x00000000ef300000, 0x00000000ef300000, 0x00000000ef400000|  0%| F|  |TAMS 0x00000000ef300000| PB 0x00000000ef300000| Untracked 
| 244|0x00000000ef400000, 0x00000000ef400000, 0x00000000ef500000|  0%| F|  |TAMS 0x00000000ef400000| PB 0x00000000ef400000| Untracked 
| 245|0x00000000ef500000, 0x00000000ef500000, 0x00000000ef600000|  0%| F|  |TAMS 0x00000000ef500000| PB 0x00000000ef500000| Untracked 
| 246|0x00000000ef600000, 0x00000000ef600000, 0x00000000ef700000|  0%| F|  |TAMS 0x00000000ef600000| PB 0x00000000ef600000| Untracked 
| 247|0x00000000ef700000, 0x00000000ef700000, 0x00000000ef800000|  0%| F|  |TAMS 0x00000000ef700000| PB 0x00000000ef700000| Untracked 
| 248|0x00000000ef800000, 0x00000000ef800000, 0x00000000ef900000|  0%| F|  |TAMS 0x00000000ef800000| PB 0x00000000ef800000| Untracked 
| 249|0x00000000ef900000, 0x00000000ef900000, 0x00000000efa00000|  0%| F|  |TAMS 0x00000000ef900000| PB 0x00000000ef900000| Untracked 
| 250|0x00000000efa00000, 0x00000000efa00000, 0x00000000efb00000|  0%| F|  |TAMS 0x00000000efa00000| PB 0x00000000efa00000| Untracked 
| 251|0x00000000efb00000, 0x00000000efb00000, 0x00000000efc00000|  0%| F|  |TAMS 0x00000000efb00000| PB 0x00000000efb00000| Untracked 
| 252|0x00000000efc00000, 0x00000000efc00000, 0x00000000efd00000|  0%| F|  |TAMS 0x00000000efc00000| PB 0x00000000efc00000| Untracked 
| 253|0x00000000efd00000, 0x00000000efd00000, 0x00000000efe00000|  0%| F|  |TAMS 0x00000000efd00000| PB 0x00000000efd00000| Untracked 
| 254|0x00000000efe00000, 0x00000000efe00000, 0x00000000eff00000|  0%| F|  |TAMS 0x00000000efe00000| PB 0x00000000efe00000| Untracked 
| 255|0x00000000eff00000, 0x00000000eff00000, 0x00000000f0000000|  0%| F|  |TAMS 0x00000000eff00000| PB 0x00000000eff00000| Untracked 
| 256|0x00000000f0000000, 0x00000000f0000000, 0x00000000f0100000|  0%| F|  |TAMS 0x00000000f0000000| PB 0x00000000f0000000| Untracked 
| 257|0x00000000f0100000, 0x00000000f0100000, 0x00000000f0200000|  0%| F|  |TAMS 0x00000000f0100000| PB 0x00000000f0100000| Untracked 
| 258|0x00000000f0200000, 0x00000000f0200000, 0x00000000f0300000|  0%| F|  |TAMS 0x00000000f0200000| PB 0x00000000f0200000| Untracked 
| 259|0x00000000f0300000, 0x00000000f0300000, 0x00000000f0400000|  0%| F|  |TAMS 0x00000000f0300000| PB 0x00000000f0300000| Untracked 
| 260|0x00000000f0400000, 0x00000000f0400000, 0x00000000f0500000|  0%| F|  |TAMS 0x00000000f0400000| PB 0x00000000f0400000| Untracked 
| 261|0x00000000f0500000, 0x00000000f0500000, 0x00000000f0600000|  0%| F|  |TAMS 0x00000000f0500000| PB 0x00000000f0500000| Untracked 
| 262|0x00000000f0600000, 0x00000000f0600000, 0x00000000f0700000|  0%| F|  |TAMS 0x00000000f0600000| PB 0x00000000f0600000| Untracked 
| 263|0x00000000f0700000, 0x00000000f0700000, 0x00000000f0800000|  0%| F|  |TAMS 0x00000000f0700000| PB 0x00000000f0700000| Untracked 
| 264|0x00000000f0800000, 0x00000000f0800000, 0x00000000f0900000|  0%| F|  |TAMS 0x00000000f0800000| PB 0x00000000f0800000| Untracked 
| 265|0x00000000f0900000, 0x00000000f0900000, 0x00000000f0a00000|  0%| F|  |TAMS 0x00000000f0900000| PB 0x00000000f0900000| Untracked 
| 266|0x00000000f0a00000, 0x00000000f0a00000, 0x00000000f0b00000|  0%| F|  |TAMS 0x00000000f0a00000| PB 0x00000000f0a00000| Untracked 
| 267|0x00000000f0b00000, 0x00000000f0b00000, 0x00000000f0c00000|  0%| F|  |TAMS 0x00000000f0b00000| PB 0x00000000f0b00000| Untracked 
| 268|0x00000000f0c00000, 0x00000000f0c00000, 0x00000000f0d00000|  0%| F|  |TAMS 0x00000000f0c00000| PB 0x00000000f0c00000| Untracked 
| 269|0x00000000f0d00000, 0x00000000f0d00000, 0x00000000f0e00000|  0%| F|  |TAMS 0x00000000f0d00000| PB 0x00000000f0d00000| Untracked 
| 270|0x00000000f0e00000, 0x00000000f0e00000, 0x00000000f0f00000|  0%| F|  |TAMS 0x00000000f0e00000| PB 0x00000000f0e00000| Untracked 
| 271|0x00000000f0f00000, 0x00000000f0f00000, 0x00000000f1000000|  0%| F|  |TAMS 0x00000000f0f00000| PB 0x00000000f0f00000| Untracked 
| 272|0x00000000f1000000, 0x00000000f1000000, 0x00000000f1100000|  0%| F|  |TAMS 0x00000000f1000000| PB 0x00000000f1000000| Untracked 
| 273|0x00000000f1100000, 0x00000000f1100000, 0x00000000f1200000|  0%| F|  |TAMS 0x00000000f1100000| PB 0x00000000f1100000| Untracked 
| 274|0x00000000f1200000, 0x00000000f1200000, 0x00000000f1300000|  0%| F|  |TAMS 0x00000000f1200000| PB 0x00000000f1200000| Untracked 
| 275|0x00000000f1300000, 0x00000000f1300000, 0x00000000f1400000|  0%| F|  |TAMS 0x00000000f1300000| PB 0x00000000f1300000| Untracked 
| 276|0x00000000f1400000, 0x00000000f1400000, 0x00000000f1500000|  0%| F|  |TAMS 0x00000000f1400000| PB 0x00000000f1400000| Untracked 
| 277|0x00000000f1500000, 0x00000000f1500000, 0x00000000f1600000|  0%| F|  |TAMS 0x00000000f1500000| PB 0x00000000f1500000| Untracked 
| 278|0x00000000f1600000, 0x00000000f1600000, 0x00000000f1700000|  0%| F|  |TAMS 0x00000000f1600000| PB 0x00000000f1600000| Untracked 
| 279|0x00000000f1700000, 0x00000000f1700000, 0x00000000f1800000|  0%| F|  |TAMS 0x00000000f1700000| PB 0x00000000f1700000| Untracked 
| 280|0x00000000f1800000, 0x00000000f1800000, 0x00000000f1900000|  0%| F|  |TAMS 0x00000000f1800000| PB 0x00000000f1800000| Untracked 
| 281|0x00000000f1900000, 0x00000000f1900000, 0x00000000f1a00000|  0%| F|  |TAMS 0x00000000f1900000| PB 0x00000000f1900000| Untracked 
| 282|0x00000000f1a00000, 0x00000000f1a00000, 0x00000000f1b00000|  0%| F|  |TAMS 0x00000000f1a00000| PB 0x00000000f1a00000| Untracked 
| 283|0x00000000f1b00000, 0x00000000f1b00000, 0x00000000f1c00000|  0%| F|  |TAMS 0x00000000f1b00000| PB 0x00000000f1b00000| Untracked 
| 284|0x00000000f1c00000, 0x00000000f1c00000, 0x00000000f1d00000|  0%| F|  |TAMS 0x00000000f1c00000| PB 0x00000000f1c00000| Untracked 
| 285|0x00000000f1d00000, 0x00000000f1d00000, 0x00000000f1e00000|  0%| F|  |TAMS 0x00000000f1d00000| PB 0x00000000f1d00000| Untracked 
| 286|0x00000000f1e00000, 0x00000000f1e00000, 0x00000000f1f00000|  0%| F|  |TAMS 0x00000000f1e00000| PB 0x00000000f1e00000| Untracked 
| 287|0x00000000f1f00000, 0x00000000f1f00000, 0x00000000f2000000|  0%| F|  |TAMS 0x00000000f1f00000| PB 0x00000000f1f00000| Untracked 
| 288|0x00000000f2000000, 0x00000000f2000000, 0x00000000f2100000|  0%| F|  |TAMS 0x00000000f2000000| PB 0x00000000f2000000| Untracked 
| 289|0x00000000f2100000, 0x00000000f2100000, 0x00000000f2200000|  0%| F|  |TAMS 0x00000000f2100000| PB 0x00000000f2100000| Untracked 
| 290|0x00000000f2200000, 0x00000000f2200000, 0x00000000f2300000|  0%| F|  |TAMS 0x00000000f2200000| PB 0x00000000f2200000| Untracked 
| 291|0x00000000f2300000, 0x00000000f2300000, 0x00000000f2400000|  0%| F|  |TAMS 0x00000000f2300000| PB 0x00000000f2300000| Untracked 
| 292|0x00000000f2400000, 0x00000000f2400000, 0x00000000f2500000|  0%| F|  |TAMS 0x00000000f2400000| PB 0x00000000f2400000| Untracked 
| 293|0x00000000f2500000, 0x00000000f2500000, 0x00000000f2600000|  0%| F|  |TAMS 0x00000000f2500000| PB 0x00000000f2500000| Untracked 
| 294|0x00000000f2600000, 0x00000000f2600000, 0x00000000f2700000|  0%| F|  |TAMS 0x00000000f2600000| PB 0x00000000f2600000| Untracked 
| 295|0x00000000f2700000, 0x00000000f2700000, 0x00000000f2800000|  0%| F|  |TAMS 0x00000000f2700000| PB 0x00000000f2700000| Untracked 
| 296|0x00000000f2800000, 0x00000000f2800000, 0x00000000f2900000|  0%| F|  |TAMS 0x00000000f2800000| PB 0x00000000f2800000| Untracked 
| 297|0x00000000f2900000, 0x00000000f2900000, 0x00000000f2a00000|  0%| F|  |TAMS 0x00000000f2900000| PB 0x00000000f2900000| Untracked 
| 298|0x00000000f2a00000, 0x00000000f2a00000, 0x00000000f2b00000|  0%| F|  |TAMS 0x00000000f2a00000| PB 0x00000000f2a00000| Untracked 
| 299|0x00000000f2b00000, 0x00000000f2b00000, 0x00000000f2c00000|  0%| F|  |TAMS 0x00000000f2b00000| PB 0x00000000f2b00000| Untracked 
| 300|0x00000000f2c00000, 0x00000000f2c00000, 0x00000000f2d00000|  0%| F|  |TAMS 0x00000000f2c00000| PB 0x00000000f2c00000| Untracked 
| 301|0x00000000f2d00000, 0x00000000f2d00000, 0x00000000f2e00000|  0%| F|  |TAMS 0x00000000f2d00000| PB 0x00000000f2d00000| Untracked 
| 302|0x00000000f2e00000, 0x00000000f2e00000, 0x00000000f2f00000|  0%| F|  |TAMS 0x00000000f2e00000| PB 0x00000000f2e00000| Untracked 
| 303|0x00000000f2f00000, 0x00000000f2f00000, 0x00000000f3000000|  0%| F|  |TAMS 0x00000000f2f00000| PB 0x00000000f2f00000| Untracked 
| 304|0x00000000f3000000, 0x00000000f3000000, 0x00000000f3100000|  0%| F|  |TAMS 0x00000000f3000000| PB 0x00000000f3000000| Untracked 
| 305|0x00000000f3100000, 0x00000000f3100000, 0x00000000f3200000|  0%| F|  |TAMS 0x00000000f3100000| PB 0x00000000f3100000| Untracked 
| 306|0x00000000f3200000, 0x00000000f3200000, 0x00000000f3300000|  0%| F|  |TAMS 0x00000000f3200000| PB 0x00000000f3200000| Untracked 
| 307|0x00000000f3300000, 0x00000000f3300000, 0x00000000f3400000|  0%| F|  |TAMS 0x00000000f3300000| PB 0x00000000f3300000| Untracked 
| 308|0x00000000f3400000, 0x00000000f3400000, 0x00000000f3500000|  0%| F|  |TAMS 0x00000000f3400000| PB 0x00000000f3400000| Untracked 
| 309|0x00000000f3500000, 0x00000000f3500000, 0x00000000f3600000|  0%| F|  |TAMS 0x00000000f3500000| PB 0x00000000f3500000| Untracked 
| 310|0x00000000f3600000, 0x00000000f3600000, 0x00000000f3700000|  0%| F|  |TAMS 0x00000000f3600000| PB 0x00000000f3600000| Untracked 
| 311|0x00000000f3700000, 0x00000000f3700000, 0x00000000f3800000|  0%| F|  |TAMS 0x00000000f3700000| PB 0x00000000f3700000| Untracked 
| 312|0x00000000f3800000, 0x00000000f3800000, 0x00000000f3900000|  0%| F|  |TAMS 0x00000000f3800000| PB 0x00000000f3800000| Untracked 
| 313|0x00000000f3900000, 0x00000000f3900000, 0x00000000f3a00000|  0%| F|  |TAMS 0x00000000f3900000| PB 0x00000000f3900000| Untracked 
| 314|0x00000000f3a00000, 0x00000000f3a00000, 0x00000000f3b00000|  0%| F|  |TAMS 0x00000000f3a00000| PB 0x00000000f3a00000| Untracked 
| 315|0x00000000f3b00000, 0x00000000f3b00000, 0x00000000f3c00000|  0%| F|  |TAMS 0x00000000f3b00000| PB 0x00000000f3b00000| Untracked 
| 316|0x00000000f3c00000, 0x00000000f3c00000, 0x00000000f3d00000|  0%| F|  |TAMS 0x00000000f3c00000| PB 0x00000000f3c00000| Untracked 
| 317|0x00000000f3d00000, 0x00000000f3d00000, 0x00000000f3e00000|  0%| F|  |TAMS 0x00000000f3d00000| PB 0x00000000f3d00000| Untracked 
| 318|0x00000000f3e00000, 0x00000000f3e00000, 0x00000000f3f00000|  0%| F|  |TAMS 0x00000000f3e00000| PB 0x00000000f3e00000| Untracked 
| 319|0x00000000f3f00000, 0x00000000f3f00000, 0x00000000f4000000|  0%| F|  |TAMS 0x00000000f3f00000| PB 0x00000000f3f00000| Untracked 
| 320|0x00000000f4000000, 0x00000000f4000000, 0x00000000f4100000|  0%| F|  |TAMS 0x00000000f4000000| PB 0x00000000f4000000| Untracked 
| 321|0x00000000f4100000, 0x00000000f4100000, 0x00000000f4200000|  0%| F|  |TAMS 0x00000000f4100000| PB 0x00000000f4100000| Untracked 
| 322|0x00000000f4200000, 0x00000000f4200000, 0x00000000f4300000|  0%| F|  |TAMS 0x00000000f4200000| PB 0x00000000f4200000| Untracked 
| 323|0x00000000f4300000, 0x00000000f4300000, 0x00000000f4400000|  0%| F|  |TAMS 0x00000000f4300000| PB 0x00000000f4300000| Untracked 
| 324|0x00000000f4400000, 0x00000000f4400000, 0x00000000f4500000|  0%| F|  |TAMS 0x00000000f4400000| PB 0x00000000f4400000| Untracked 
| 325|0x00000000f4500000, 0x00000000f4500000, 0x00000000f4600000|  0%| F|  |TAMS 0x00000000f4500000| PB 0x00000000f4500000| Untracked 
| 326|0x00000000f4600000, 0x00000000f4600000, 0x00000000f4700000|  0%| F|  |TAMS 0x00000000f4600000| PB 0x00000000f4600000| Untracked 
| 327|0x00000000f4700000, 0x00000000f4700000, 0x00000000f4800000|  0%| F|  |TAMS 0x00000000f4700000| PB 0x00000000f4700000| Untracked 
| 328|0x00000000f4800000, 0x00000000f4800000, 0x00000000f4900000|  0%| F|  |TAMS 0x00000000f4800000| PB 0x00000000f4800000| Untracked 
| 329|0x00000000f4900000, 0x00000000f4900000, 0x00000000f4a00000|  0%| F|  |TAMS 0x00000000f4900000| PB 0x00000000f4900000| Untracked 
| 330|0x00000000f4a00000, 0x00000000f4a00000, 0x00000000f4b00000|  0%| F|  |TAMS 0x00000000f4a00000| PB 0x00000000f4a00000| Untracked 
| 331|0x00000000f4b00000, 0x00000000f4b00000, 0x00000000f4c00000|  0%| F|  |TAMS 0x00000000f4b00000| PB 0x00000000f4b00000| Untracked 
| 332|0x00000000f4c00000, 0x00000000f4c00000, 0x00000000f4d00000|  0%| F|  |TAMS 0x00000000f4c00000| PB 0x00000000f4c00000| Untracked 
| 333|0x00000000f4d00000, 0x00000000f4d00000, 0x00000000f4e00000|  0%| F|  |TAMS 0x00000000f4d00000| PB 0x00000000f4d00000| Untracked 
| 334|0x00000000f4e00000, 0x00000000f4e00000, 0x00000000f4f00000|  0%| F|  |TAMS 0x00000000f4e00000| PB 0x00000000f4e00000| Untracked 
| 335|0x00000000f4f00000, 0x00000000f4f00000, 0x00000000f5000000|  0%| F|  |TAMS 0x00000000f4f00000| PB 0x00000000f4f00000| Untracked 
| 336|0x00000000f5000000, 0x00000000f5000000, 0x00000000f5100000|  0%| F|  |TAMS 0x00000000f5000000| PB 0x00000000f5000000| Untracked 
| 337|0x00000000f5100000, 0x00000000f5100000, 0x00000000f5200000|  0%| F|  |TAMS 0x00000000f5100000| PB 0x00000000f5100000| Untracked 
| 338|0x00000000f5200000, 0x00000000f5200000, 0x00000000f5300000|  0%| F|  |TAMS 0x00000000f5200000| PB 0x00000000f5200000| Untracked 
| 339|0x00000000f5300000, 0x00000000f5300000, 0x00000000f5400000|  0%| F|  |TAMS 0x00000000f5300000| PB 0x00000000f5300000| Untracked 
| 340|0x00000000f5400000, 0x00000000f5400000, 0x00000000f5500000|  0%| F|  |TAMS 0x00000000f5400000| PB 0x00000000f5400000| Untracked 
| 341|0x00000000f5500000, 0x00000000f5500000, 0x00000000f5600000|  0%| F|  |TAMS 0x00000000f5500000| PB 0x00000000f5500000| Untracked 
| 342|0x00000000f5600000, 0x00000000f5600000, 0x00000000f5700000|  0%| F|  |TAMS 0x00000000f5600000| PB 0x00000000f5600000| Untracked 
| 343|0x00000000f5700000, 0x00000000f5700000, 0x00000000f5800000|  0%| F|  |TAMS 0x00000000f5700000| PB 0x00000000f5700000| Untracked 
| 344|0x00000000f5800000, 0x00000000f5800000, 0x00000000f5900000|  0%| F|  |TAMS 0x00000000f5800000| PB 0x00000000f5800000| Untracked 
| 345|0x00000000f5900000, 0x00000000f5900000, 0x00000000f5a00000|  0%| F|  |TAMS 0x00000000f5900000| PB 0x00000000f5900000| Untracked 
| 346|0x00000000f5a00000, 0x00000000f5a00000, 0x00000000f5b00000|  0%| F|  |TAMS 0x00000000f5a00000| PB 0x00000000f5a00000| Untracked 
| 347|0x00000000f5b00000, 0x00000000f5b00000, 0x00000000f5c00000|  0%| F|  |TAMS 0x00000000f5b00000| PB 0x00000000f5b00000| Untracked 
| 348|0x00000000f5c00000, 0x00000000f5c00000, 0x00000000f5d00000|  0%| F|  |TAMS 0x00000000f5c00000| PB 0x00000000f5c00000| Untracked 
| 349|0x00000000f5d00000, 0x00000000f5d00000, 0x00000000f5e00000|  0%| F|  |TAMS 0x00000000f5d00000| PB 0x00000000f5d00000| Untracked 
| 350|0x00000000f5e00000, 0x00000000f5e00000, 0x00000000f5f00000|  0%| F|  |TAMS 0x00000000f5e00000| PB 0x00000000f5e00000| Untracked 
| 351|0x00000000f5f00000, 0x00000000f5f00000, 0x00000000f6000000|  0%| F|  |TAMS 0x00000000f5f00000| PB 0x00000000f5f00000| Untracked 
| 352|0x00000000f6000000, 0x00000000f6000000, 0x00000000f6100000|  0%| F|  |TAMS 0x00000000f6000000| PB 0x00000000f6000000| Untracked 
| 353|0x00000000f6100000, 0x00000000f6100000, 0x00000000f6200000|  0%| F|  |TAMS 0x00000000f6100000| PB 0x00000000f6100000| Untracked 
| 354|0x00000000f6200000, 0x00000000f6200000, 0x00000000f6300000|  0%| F|  |TAMS 0x00000000f6200000| PB 0x00000000f6200000| Untracked 
| 355|0x00000000f6300000, 0x00000000f6300000, 0x00000000f6400000|  0%| F|  |TAMS 0x00000000f6300000| PB 0x00000000f6300000| Untracked 
| 356|0x00000000f6400000, 0x00000000f6400000, 0x00000000f6500000|  0%| F|  |TAMS 0x00000000f6400000| PB 0x00000000f6400000| Untracked 
| 357|0x00000000f6500000, 0x00000000f6500000, 0x00000000f6600000|  0%| F|  |TAMS 0x00000000f6500000| PB 0x00000000f6500000| Untracked 
| 358|0x00000000f6600000, 0x00000000f6600000, 0x00000000f6700000|  0%| F|  |TAMS 0x00000000f6600000| PB 0x00000000f6600000| Untracked 
| 359|0x00000000f6700000, 0x00000000f6700000, 0x00000000f6800000|  0%| F|  |TAMS 0x00000000f6700000| PB 0x00000000f6700000| Untracked 
| 360|0x00000000f6800000, 0x00000000f6800000, 0x00000000f6900000|  0%| F|  |TAMS 0x00000000f6800000| PB 0x00000000f6800000| Untracked 
| 361|0x00000000f6900000, 0x00000000f6900000, 0x00000000f6a00000|  0%| F|  |TAMS 0x00000000f6900000| PB 0x00000000f6900000| Untracked 
| 362|0x00000000f6a00000, 0x00000000f6a00000, 0x00000000f6b00000|  0%| F|  |TAMS 0x00000000f6a00000| PB 0x00000000f6a00000| Untracked 
| 363|0x00000000f6b00000, 0x00000000f6b00000, 0x00000000f6c00000|  0%| F|  |TAMS 0x00000000f6b00000| PB 0x00000000f6b00000| Untracked 
| 364|0x00000000f6c00000, 0x00000000f6c00000, 0x00000000f6d00000|  0%| F|  |TAMS 0x00000000f6c00000| PB 0x00000000f6c00000| Untracked 
| 365|0x00000000f6d00000, 0x00000000f6d00000, 0x00000000f6e00000|  0%| F|  |TAMS 0x00000000f6d00000| PB 0x00000000f6d00000| Untracked 
| 366|0x00000000f6e00000, 0x00000000f6e00000, 0x00000000f6f00000|  0%| F|  |TAMS 0x00000000f6e00000| PB 0x00000000f6e00000| Untracked 
| 367|0x00000000f6f00000, 0x00000000f6f00000, 0x00000000f7000000|  0%| F|  |TAMS 0x00000000f6f00000| PB 0x00000000f6f00000| Untracked 
| 368|0x00000000f7000000, 0x00000000f7000000, 0x00000000f7100000|  0%| F|  |TAMS 0x00000000f7000000| PB 0x00000000f7000000| Untracked 
| 369|0x00000000f7100000, 0x00000000f7100000, 0x00000000f7200000|  0%| F|  |TAMS 0x00000000f7100000| PB 0x00000000f7100000| Untracked 
| 370|0x00000000f7200000, 0x00000000f7200000, 0x00000000f7300000|  0%| F|  |TAMS 0x00000000f7200000| PB 0x00000000f7200000| Untracked 
| 371|0x00000000f7300000, 0x00000000f7300000, 0x00000000f7400000|  0%| F|  |TAMS 0x00000000f7300000| PB 0x00000000f7300000| Untracked 
| 372|0x00000000f7400000, 0x00000000f7400000, 0x00000000f7500000|  0%| F|  |TAMS 0x00000000f7400000| PB 0x00000000f7400000| Untracked 
| 373|0x00000000f7500000, 0x00000000f7500000, 0x00000000f7600000|  0%| F|  |TAMS 0x00000000f7500000| PB 0x00000000f7500000| Untracked 
| 374|0x00000000f7600000, 0x00000000f7600000, 0x00000000f7700000|  0%| F|  |TAMS 0x00000000f7600000| PB 0x00000000f7600000| Untracked 
| 375|0x00000000f7700000, 0x00000000f7700000, 0x00000000f7800000|  0%| F|  |TAMS 0x00000000f7700000| PB 0x00000000f7700000| Untracked 
| 376|0x00000000f7800000, 0x00000000f7800000, 0x00000000f7900000|  0%| F|  |TAMS 0x00000000f7800000| PB 0x00000000f7800000| Untracked 
| 377|0x00000000f7900000, 0x00000000f7900000, 0x00000000f7a00000|  0%| F|  |TAMS 0x00000000f7900000| PB 0x00000000f7900000| Untracked 
| 378|0x00000000f7a00000, 0x00000000f7a00000, 0x00000000f7b00000|  0%| F|  |TAMS 0x00000000f7a00000| PB 0x00000000f7a00000| Untracked 
| 379|0x00000000f7b00000, 0x00000000f7b00000, 0x00000000f7c00000|  0%| F|  |TAMS 0x00000000f7b00000| PB 0x00000000f7b00000| Untracked 
| 380|0x00000000f7c00000, 0x00000000f7c00000, 0x00000000f7d00000|  0%| F|  |TAMS 0x00000000f7c00000| PB 0x00000000f7c00000| Untracked 
| 381|0x00000000f7d00000, 0x00000000f7d00000, 0x00000000f7e00000|  0%| F|  |TAMS 0x00000000f7d00000| PB 0x00000000f7d00000| Untracked 
| 382|0x00000000f7e00000, 0x00000000f7e00000, 0x00000000f7f00000|  0%| F|  |TAMS 0x00000000f7e00000| PB 0x00000000f7e00000| Untracked 
| 383|0x00000000f7f00000, 0x00000000f7f00000, 0x00000000f8000000|  0%| F|  |TAMS 0x00000000f7f00000| PB 0x00000000f7f00000| Untracked 
| 384|0x00000000f8000000, 0x00000000f8000000, 0x00000000f8100000|  0%| F|  |TAMS 0x00000000f8000000| PB 0x00000000f8000000| Untracked 
| 385|0x00000000f8100000, 0x00000000f8100000, 0x00000000f8200000|  0%| F|  |TAMS 0x00000000f8100000| PB 0x00000000f8100000| Untracked 
| 386|0x00000000f8200000, 0x00000000f8200000, 0x00000000f8300000|  0%| F|  |TAMS 0x00000000f8200000| PB 0x00000000f8200000| Untracked 
| 387|0x00000000f8300000, 0x00000000f8300000, 0x00000000f8400000|  0%| F|  |TAMS 0x00000000f8300000| PB 0x00000000f8300000| Untracked 
| 388|0x00000000f8400000, 0x00000000f8400000, 0x00000000f8500000|  0%| F|  |TAMS 0x00000000f8400000| PB 0x00000000f8400000| Untracked 
| 389|0x00000000f8500000, 0x00000000f8500000, 0x00000000f8600000|  0%| F|  |TAMS 0x00000000f8500000| PB 0x00000000f8500000| Untracked 
| 390|0x00000000f8600000, 0x00000000f8600000, 0x00000000f8700000|  0%| F|  |TAMS 0x00000000f8600000| PB 0x00000000f8600000| Untracked 
| 391|0x00000000f8700000, 0x00000000f8700000, 0x00000000f8800000|  0%| F|  |TAMS 0x00000000f8700000| PB 0x00000000f8700000| Untracked 
| 392|0x00000000f8800000, 0x00000000f8800000, 0x00000000f8900000|  0%| F|  |TAMS 0x00000000f8800000| PB 0x00000000f8800000| Untracked 
| 393|0x00000000f8900000, 0x00000000f8900000, 0x00000000f8a00000|  0%| F|  |TAMS 0x00000000f8900000| PB 0x00000000f8900000| Untracked 
| 394|0x00000000f8a00000, 0x00000000f8a00000, 0x00000000f8b00000|  0%| F|  |TAMS 0x00000000f8a00000| PB 0x00000000f8a00000| Untracked 
| 395|0x00000000f8b00000, 0x00000000f8b00000, 0x00000000f8c00000|  0%| F|  |TAMS 0x00000000f8b00000| PB 0x00000000f8b00000| Untracked 
| 396|0x00000000f8c00000, 0x00000000f8c00000, 0x00000000f8d00000|  0%| F|  |TAMS 0x00000000f8c00000| PB 0x00000000f8c00000| Untracked 
| 397|0x00000000f8d00000, 0x00000000f8d00000, 0x00000000f8e00000|  0%| F|  |TAMS 0x00000000f8d00000| PB 0x00000000f8d00000| Untracked 
| 398|0x00000000f8e00000, 0x00000000f8e00000, 0x00000000f8f00000|  0%| F|  |TAMS 0x00000000f8e00000| PB 0x00000000f8e00000| Untracked 
| 399|0x00000000f8f00000, 0x00000000f8f00000, 0x00000000f9000000|  0%| F|  |TAMS 0x00000000f8f00000| PB 0x00000000f8f00000| Untracked 
| 400|0x00000000f9000000, 0x00000000f9000000, 0x00000000f9100000|  0%| F|  |TAMS 0x00000000f9000000| PB 0x00000000f9000000| Untracked 
| 401|0x00000000f9100000, 0x00000000f9100000, 0x00000000f9200000|  0%| F|  |TAMS 0x00000000f9100000| PB 0x00000000f9100000| Untracked 
| 402|0x00000000f9200000, 0x00000000f9200000, 0x00000000f9300000|  0%| F|  |TAMS 0x00000000f9200000| PB 0x00000000f9200000| Untracked 
| 403|0x00000000f9300000, 0x00000000f9300000, 0x00000000f9400000|  0%| F|  |TAMS 0x00000000f9300000| PB 0x00000000f9300000| Untracked 
| 404|0x00000000f9400000, 0x00000000f9400000, 0x00000000f9500000|  0%| F|  |TAMS 0x00000000f9400000| PB 0x00000000f9400000| Untracked 
| 405|0x00000000f9500000, 0x00000000f9500000, 0x00000000f9600000|  0%| F|  |TAMS 0x00000000f9500000| PB 0x00000000f9500000| Untracked 
| 406|0x00000000f9600000, 0x00000000f9600000, 0x00000000f9700000|  0%| F|  |TAMS 0x00000000f9600000| PB 0x00000000f9600000| Untracked 
| 407|0x00000000f9700000, 0x00000000f9700000, 0x00000000f9800000|  0%| F|  |TAMS 0x00000000f9700000| PB 0x00000000f9700000| Untracked 
| 408|0x00000000f9800000, 0x00000000f9800000, 0x00000000f9900000|  0%| F|  |TAMS 0x00000000f9800000| PB 0x00000000f9800000| Untracked 
| 409|0x00000000f9900000, 0x00000000f9900000, 0x00000000f9a00000|  0%| F|  |TAMS 0x00000000f9900000| PB 0x00000000f9900000| Untracked 
| 410|0x00000000f9a00000, 0x00000000f9a00000, 0x00000000f9b00000|  0%| F|  |TAMS 0x00000000f9a00000| PB 0x00000000f9a00000| Untracked 
| 411|0x00000000f9b00000, 0x00000000f9b00000, 0x00000000f9c00000|  0%| F|  |TAMS 0x00000000f9b00000| PB 0x00000000f9b00000| Untracked 
| 412|0x00000000f9c00000, 0x00000000f9c00000, 0x00000000f9d00000|  0%| F|  |TAMS 0x00000000f9c00000| PB 0x00000000f9c00000| Untracked 
| 413|0x00000000f9d00000, 0x00000000f9d00000, 0x00000000f9e00000|  0%| F|  |TAMS 0x00000000f9d00000| PB 0x00000000f9d00000| Untracked 
| 414|0x00000000f9e00000, 0x00000000f9e00000, 0x00000000f9f00000|  0%| F|  |TAMS 0x00000000f9e00000| PB 0x00000000f9e00000| Untracked 
| 415|0x00000000f9f00000, 0x00000000f9f00000, 0x00000000fa000000|  0%| F|  |TAMS 0x00000000f9f00000| PB 0x00000000f9f00000| Untracked 
| 416|0x00000000fa000000, 0x00000000fa000000, 0x00000000fa100000|  0%| F|  |TAMS 0x00000000fa000000| PB 0x00000000fa000000| Untracked 
| 417|0x00000000fa100000, 0x00000000fa100000, 0x00000000fa200000|  0%| F|  |TAMS 0x00000000fa100000| PB 0x00000000fa100000| Untracked 
| 418|0x00000000fa200000, 0x00000000fa200000, 0x00000000fa300000|  0%| F|  |TAMS 0x00000000fa200000| PB 0x00000000fa200000| Untracked 
| 419|0x00000000fa300000, 0x00000000fa300000, 0x00000000fa400000|  0%| F|  |TAMS 0x00000000fa300000| PB 0x00000000fa300000| Untracked 
| 420|0x00000000fa400000, 0x00000000fa400000, 0x00000000fa500000|  0%| F|  |TAMS 0x00000000fa400000| PB 0x00000000fa400000| Untracked 
| 421|0x00000000fa500000, 0x00000000fa500000, 0x00000000fa600000|  0%| F|  |TAMS 0x00000000fa500000| PB 0x00000000fa500000| Untracked 
| 422|0x00000000fa600000, 0x00000000fa600000, 0x00000000fa700000|  0%| F|  |TAMS 0x00000000fa600000| PB 0x00000000fa600000| Untracked 
| 423|0x00000000fa700000, 0x00000000fa700000, 0x00000000fa800000|  0%| F|  |TAMS 0x00000000fa700000| PB 0x00000000fa700000| Untracked 
| 424|0x00000000fa800000, 0x00000000fa800000, 0x00000000fa900000|  0%| F|  |TAMS 0x00000000fa800000| PB 0x00000000fa800000| Untracked 
| 425|0x00000000fa900000, 0x00000000fa900000, 0x00000000faa00000|  0%| F|  |TAMS 0x00000000fa900000| PB 0x00000000fa900000| Untracked 
| 426|0x00000000faa00000, 0x00000000faa00000, 0x00000000fab00000|  0%| F|  |TAMS 0x00000000faa00000| PB 0x00000000faa00000| Untracked 
| 427|0x00000000fab00000, 0x00000000fab00000, 0x00000000fac00000|  0%| F|  |TAMS 0x00000000fab00000| PB 0x00000000fab00000| Untracked 
| 428|0x00000000fac00000, 0x00000000fac00000, 0x00000000fad00000|  0%| F|  |TAMS 0x00000000fac00000| PB 0x00000000fac00000| Untracked 
| 429|0x00000000fad00000, 0x00000000fad00000, 0x00000000fae00000|  0%| F|  |TAMS 0x00000000fad00000| PB 0x00000000fad00000| Untracked 
| 430|0x00000000fae00000, 0x00000000fae00000, 0x00000000faf00000|  0%| F|  |TAMS 0x00000000fae00000| PB 0x00000000fae00000| Untracked 
| 431|0x00000000faf00000, 0x00000000faf00000, 0x00000000fb000000|  0%| F|  |TAMS 0x00000000faf00000| PB 0x00000000faf00000| Untracked 
| 432|0x00000000fb000000, 0x00000000fb000000, 0x00000000fb100000|  0%| F|  |TAMS 0x00000000fb000000| PB 0x00000000fb000000| Untracked 
| 433|0x00000000fb100000, 0x00000000fb100000, 0x00000000fb200000|  0%| F|  |TAMS 0x00000000fb100000| PB 0x00000000fb100000| Untracked 
| 434|0x00000000fb200000, 0x00000000fb200000, 0x00000000fb300000|  0%| F|  |TAMS 0x00000000fb200000| PB 0x00000000fb200000| Untracked 
| 435|0x00000000fb300000, 0x00000000fb300000, 0x00000000fb400000|  0%| F|  |TAMS 0x00000000fb300000| PB 0x00000000fb300000| Untracked 
| 436|0x00000000fb400000, 0x00000000fb400000, 0x00000000fb500000|  0%| F|  |TAMS 0x00000000fb400000| PB 0x00000000fb400000| Untracked 
| 437|0x00000000fb500000, 0x00000000fb500000, 0x00000000fb600000|  0%| F|  |TAMS 0x00000000fb500000| PB 0x00000000fb500000| Untracked 
| 438|0x00000000fb600000, 0x00000000fb600000, 0x00000000fb700000|  0%| F|  |TAMS 0x00000000fb600000| PB 0x00000000fb600000| Untracked 
| 439|0x00000000fb700000, 0x00000000fb700000, 0x00000000fb800000|  0%| F|  |TAMS 0x00000000fb700000| PB 0x00000000fb700000| Untracked 
| 440|0x00000000fb800000, 0x00000000fb800000, 0x00000000fb900000|  0%| F|  |TAMS 0x00000000fb800000| PB 0x00000000fb800000| Untracked 
| 441|0x00000000fb900000, 0x00000000fb900000, 0x00000000fba00000|  0%| F|  |TAMS 0x00000000fb900000| PB 0x00000000fb900000| Untracked 
| 442|0x00000000fba00000, 0x00000000fba00000, 0x00000000fbb00000|  0%| F|  |TAMS 0x00000000fba00000| PB 0x00000000fba00000| Untracked 
| 443|0x00000000fbb00000, 0x00000000fbb00000, 0x00000000fbc00000|  0%| F|  |TAMS 0x00000000fbb00000| PB 0x00000000fbb00000| Untracked 
| 444|0x00000000fbc00000, 0x00000000fbc00000, 0x00000000fbd00000|  0%| F|  |TAMS 0x00000000fbc00000| PB 0x00000000fbc00000| Untracked 
| 445|0x00000000fbd00000, 0x00000000fbd00000, 0x00000000fbe00000|  0%| F|  |TAMS 0x00000000fbd00000| PB 0x00000000fbd00000| Untracked 
| 446|0x00000000fbe00000, 0x00000000fbe00000, 0x00000000fbf00000|  0%| F|  |TAMS 0x00000000fbe00000| PB 0x00000000fbe00000| Untracked 
| 447|0x00000000fbf00000, 0x00000000fbf00000, 0x00000000fc000000|  0%| F|  |TAMS 0x00000000fbf00000| PB 0x00000000fbf00000| Untracked 
| 448|0x00000000fc000000, 0x00000000fc000000, 0x00000000fc100000|  0%| F|  |TAMS 0x00000000fc000000| PB 0x00000000fc000000| Untracked 
| 449|0x00000000fc100000, 0x00000000fc100000, 0x00000000fc200000|  0%| F|  |TAMS 0x00000000fc100000| PB 0x00000000fc100000| Untracked 
| 450|0x00000000fc200000, 0x00000000fc200000, 0x00000000fc300000|  0%| F|  |TAMS 0x00000000fc200000| PB 0x00000000fc200000| Untracked 
| 451|0x00000000fc300000, 0x00000000fc300000, 0x00000000fc400000|  0%| F|  |TAMS 0x00000000fc300000| PB 0x00000000fc300000| Untracked 
| 452|0x00000000fc400000, 0x00000000fc400000, 0x00000000fc500000|  0%| F|  |TAMS 0x00000000fc400000| PB 0x00000000fc400000| Untracked 
| 453|0x00000000fc500000, 0x00000000fc500000, 0x00000000fc600000|  0%| F|  |TAMS 0x00000000fc500000| PB 0x00000000fc500000| Untracked 
| 454|0x00000000fc600000, 0x00000000fc600000, 0x00000000fc700000|  0%| F|  |TAMS 0x00000000fc600000| PB 0x00000000fc600000| Untracked 
| 455|0x00000000fc700000, 0x00000000fc700000, 0x00000000fc800000|  0%| F|  |TAMS 0x00000000fc700000| PB 0x00000000fc700000| Untracked 
| 456|0x00000000fc800000, 0x00000000fc800000, 0x00000000fc900000|  0%| F|  |TAMS 0x00000000fc800000| PB 0x00000000fc800000| Untracked 
| 457|0x00000000fc900000, 0x00000000fc900000, 0x00000000fca00000|  0%| F|  |TAMS 0x00000000fc900000| PB 0x00000000fc900000| Untracked 
| 458|0x00000000fca00000, 0x00000000fca00000, 0x00000000fcb00000|  0%| F|  |TAMS 0x00000000fca00000| PB 0x00000000fca00000| Untracked 
| 459|0x00000000fcb00000, 0x00000000fcb00000, 0x00000000fcc00000|  0%| F|  |TAMS 0x00000000fcb00000| PB 0x00000000fcb00000| Untracked 
| 460|0x00000000fcc00000, 0x00000000fcc00000, 0x00000000fcd00000|  0%| F|  |TAMS 0x00000000fcc00000| PB 0x00000000fcc00000| Untracked 
| 461|0x00000000fcd00000, 0x00000000fcd00000, 0x00000000fce00000|  0%| F|  |TAMS 0x00000000fcd00000| PB 0x00000000fcd00000| Untracked 
| 462|0x00000000fce00000, 0x00000000fce00000, 0x00000000fcf00000|  0%| F|  |TAMS 0x00000000fce00000| PB 0x00000000fce00000| Untracked 
| 463|0x00000000fcf00000, 0x00000000fcf00000, 0x00000000fd000000|  0%| F|  |TAMS 0x00000000fcf00000| PB 0x00000000fcf00000| Untracked 
| 464|0x00000000fd000000, 0x00000000fd0ac0f8, 0x00000000fd100000| 67%| S|CS|TAMS 0x00000000fd000000| PB 0x00000000fd000000| Complete 
| 465|0x00000000fd100000, 0x00000000fd200000, 0x00000000fd200000|100%| S|CS|TAMS 0x00000000fd100000| PB 0x00000000fd100000| Complete 
| 466|0x00000000fd200000, 0x00000000fd300000, 0x00000000fd300000|100%| S|CS|TAMS 0x00000000fd200000| PB 0x00000000fd200000| Complete 
| 467|0x00000000fd300000, 0x00000000fd400000, 0x00000000fd400000|100%| S|CS|TAMS 0x00000000fd300000| PB 0x00000000fd300000| Complete 
| 468|0x00000000fd400000, 0x00000000fd500000, 0x00000000fd500000|100%| S|CS|TAMS 0x00000000fd400000| PB 0x00000000fd400000| Complete 
| 469|0x00000000fd500000, 0x00000000fd600000, 0x00000000fd600000|100%| S|CS|TAMS 0x00000000fd500000| PB 0x00000000fd500000| Complete 
| 470|0x00000000fd600000, 0x00000000fd600000, 0x00000000fd700000|  0%| F|  |TAMS 0x00000000fd600000| PB 0x00000000fd600000| Untracked 
| 471|0x00000000fd700000, 0x00000000fd700000, 0x00000000fd800000|  0%| F|  |TAMS 0x00000000fd700000| PB 0x00000000fd700000| Untracked 
| 472|0x00000000fd800000, 0x00000000fd800000, 0x00000000fd900000|  0%| F|  |TAMS 0x00000000fd800000| PB 0x00000000fd800000| Untracked 
| 473|0x00000000fd900000, 0x00000000fd900000, 0x00000000fda00000|  0%| F|  |TAMS 0x00000000fd900000| PB 0x00000000fd900000| Untracked 
| 474|0x00000000fda00000, 0x00000000fda00000, 0x00000000fdb00000|  0%| F|  |TAMS 0x00000000fda00000| PB 0x00000000fda00000| Untracked 
| 475|0x00000000fdb00000, 0x00000000fdb00000, 0x00000000fdc00000|  0%| F|  |TAMS 0x00000000fdb00000| PB 0x00000000fdb00000| Untracked 
| 476|0x00000000fdc00000, 0x00000000fdc00000, 0x00000000fdd00000|  0%| F|  |TAMS 0x00000000fdc00000| PB 0x00000000fdc00000| Untracked 
| 477|0x00000000fdd00000, 0x00000000fdd00000, 0x00000000fde00000|  0%| F|  |TAMS 0x00000000fdd00000| PB 0x00000000fdd00000| Untracked 
| 478|0x00000000fde00000, 0x00000000fde00000, 0x00000000fdf00000|  0%| F|  |TAMS 0x00000000fde00000| PB 0x00000000fde00000| Untracked 
| 479|0x00000000fdf00000, 0x00000000fdf00000, 0x00000000fe000000|  0%| F|  |TAMS 0x00000000fdf00000| PB 0x00000000fdf00000| Untracked 
| 480|0x00000000fe000000, 0x00000000fe000000, 0x00000000fe100000|  0%| F|  |TAMS 0x00000000fe000000| PB 0x00000000fe000000| Untracked 
| 481|0x00000000fe100000, 0x00000000fe100000, 0x00000000fe200000|  0%| F|  |TAMS 0x00000000fe100000| PB 0x00000000fe100000| Untracked 
| 482|0x00000000fe200000, 0x00000000fe200000, 0x00000000fe300000|  0%| F|  |TAMS 0x00000000fe200000| PB 0x00000000fe200000| Untracked 
| 483|0x00000000fe300000, 0x00000000fe300000, 0x00000000fe400000|  0%| F|  |TAMS 0x00000000fe300000| PB 0x00000000fe300000| Untracked 
| 484|0x00000000fe400000, 0x00000000fe400000, 0x00000000fe500000|  0%| F|  |TAMS 0x00000000fe400000| PB 0x00000000fe400000| Untracked 
| 485|0x00000000fe500000, 0x00000000fe500000, 0x00000000fe600000|  0%| F|  |TAMS 0x00000000fe500000| PB 0x00000000fe500000| Untracked 
| 486|0x00000000fe600000, 0x00000000fe600000, 0x00000000fe700000|  0%| F|  |TAMS 0x00000000fe600000| PB 0x00000000fe600000| Untracked 
| 487|0x00000000fe700000, 0x00000000fe700000, 0x00000000fe800000|  0%| F|  |TAMS 0x00000000fe700000| PB 0x00000000fe700000| Untracked 
| 488|0x00000000fe800000, 0x00000000fe800000, 0x00000000fe900000|  0%| F|  |TAMS 0x00000000fe800000| PB 0x00000000fe800000| Untracked 
| 489|0x00000000fe900000, 0x00000000fe900000, 0x00000000fea00000|  0%| F|  |TAMS 0x00000000fe900000| PB 0x00000000fe900000| Untracked 
| 490|0x00000000fea00000, 0x00000000fea00000, 0x00000000feb00000|  0%| F|  |TAMS 0x00000000fea00000| PB 0x00000000fea00000| Untracked 
| 491|0x00000000feb00000, 0x00000000feb00000, 0x00000000fec00000|  0%| F|  |TAMS 0x00000000feb00000| PB 0x00000000feb00000| Untracked 
| 492|0x00000000fec00000, 0x00000000fec00000, 0x00000000fed00000|  0%| F|  |TAMS 0x00000000fec00000| PB 0x00000000fec00000| Untracked 
| 493|0x00000000fed00000, 0x00000000fed00000, 0x00000000fee00000|  0%| F|  |TAMS 0x00000000fed00000| PB 0x00000000fed00000| Untracked 
| 494|0x00000000fee00000, 0x00000000fee00000, 0x00000000fef00000|  0%| F|  |TAMS 0x00000000fee00000| PB 0x00000000fee00000| Untracked 
| 495|0x00000000fef00000, 0x00000000fef00000, 0x00000000ff000000|  0%| F|  |TAMS 0x00000000fef00000| PB 0x00000000fef00000| Untracked 
| 496|0x00000000ff000000, 0x00000000ff000000, 0x00000000ff100000|  0%| F|  |TAMS 0x00000000ff000000| PB 0x00000000ff000000| Untracked 
| 497|0x00000000ff100000, 0x00000000ff100000, 0x00000000ff200000|  0%| F|  |TAMS 0x00000000ff100000| PB 0x00000000ff100000| Untracked 
| 498|0x00000000ff200000, 0x00000000ff200000, 0x00000000ff300000|  0%| F|  |TAMS 0x00000000ff200000| PB 0x00000000ff200000| Untracked 
| 499|0x00000000ff300000, 0x00000000ff300000, 0x00000000ff400000|  0%| F|  |TAMS 0x00000000ff300000| PB 0x00000000ff300000| Untracked 
| 500|0x00000000ff400000, 0x00000000ff400000, 0x00000000ff500000|  0%| F|  |TAMS 0x00000000ff400000| PB 0x00000000ff400000| Untracked 
| 501|0x00000000ff500000, 0x00000000ff500000, 0x00000000ff600000|  0%| F|  |TAMS 0x00000000ff500000| PB 0x00000000ff500000| Untracked 
| 502|0x00000000ff600000, 0x00000000ff600000, 0x00000000ff700000|  0%| F|  |TAMS 0x00000000ff600000| PB 0x00000000ff600000| Untracked 
| 503|0x00000000ff700000, 0x00000000ff7b1280, 0x00000000ff800000| 69%| E|  |TAMS 0x00000000ff700000| PB 0x00000000ff700000| Complete 
| 504|0x00000000ff800000, 0x00000000ff900000, 0x00000000ff900000|100%| E|CS|TAMS 0x00000000ff800000| PB 0x00000000ff800000| Complete 
| 505|0x00000000ff900000, 0x00000000ffa00000, 0x00000000ffa00000|100%| E|CS|TAMS 0x00000000ff900000| PB 0x00000000ff900000| Complete 
| 506|0x00000000ffa00000, 0x00000000ffb00000, 0x00000000ffb00000|100%| E|CS|TAMS 0x00000000ffa00000| PB 0x00000000ffa00000| Complete 
| 507|0x00000000ffb00000, 0x00000000ffc00000, 0x00000000ffc00000|100%| E|CS|TAMS 0x00000000ffb00000| PB 0x00000000ffb00000| Complete 
| 508|0x00000000ffc00000, 0x00000000ffd00000, 0x00000000ffd00000|100%| E|CS|TAMS 0x00000000ffc00000| PB 0x00000000ffc00000| Complete 
| 509|0x00000000ffd00000, 0x00000000ffe00000, 0x00000000ffe00000|100%| E|CS|TAMS 0x00000000ffd00000| PB 0x00000000ffd00000| Complete 
| 510|0x00000000ffe00000, 0x00000000fff00000, 0x00000000fff00000|100%| E|CS|TAMS 0x00000000ffe00000| PB 0x00000000ffe00000| Complete 
| 511|0x00000000fff00000, 0x0000000100000000, 0x0000000100000000|100%| E|CS|TAMS 0x00000000fff00000| PB 0x00000000fff00000| Complete 

Card table byte_map: [0x000001b61c8b0000,0x000001b61c9b0000] _byte_map_base: 0x000001b61c1b0000

Marking Bits: (CMBitMap*) 0x000001b604869270
 Bits: [0x000001b61c9b0000, 0x000001b61d1b0000)

Polling page: 0x000001b6027e0000

Metaspace:

Usage:
  Non-class:     15.86 MB used.
      Class:      2.03 MB used.
       Both:     17.89 MB used.

Virtual space:
  Non-class space:       64.00 MB reserved,      16.25 MB ( 25%) committed,  1 nodes.
      Class space:        1.00 GB reserved,       2.31 MB ( <1%) committed,  1 nodes.
             Both:        1.06 GB reserved,      18.56 MB (  2%) committed. 

Chunk freelists:
   Non-Class:  15.70 MB
       Class:  13.69 MB
        Both:  29.39 MB

MaxMetaspaceSize: unlimited
CompressedClassSpaceSize: 1.00 GB
Initial GC threshold: 21.00 MB
Current GC threshold: 21.00 MB
CDS: on
 - commit_granule_bytes: 65536.
 - commit_granule_words: 8192.
 - virtual_space_node_default_size: 8388608.
 - enlarge_chunks_in_place: 1.
 - use_allocation_guard: 0.


Internal statistics:

num_allocs_failed_limit: 0.
num_arena_births: 1000.
num_arena_deaths: 0.
num_vsnodes_births: 2.
num_vsnodes_deaths: 0.
num_space_committed: 297.
num_space_uncommitted: 0.
num_chunks_returned_to_freelist: 0.
num_chunks_taken_from_freelist: 1556.
num_chunk_merges: 0.
num_chunk_splits: 1026.
num_chunks_enlarged: 612.
num_inconsistent_stats: 0.

CodeHeap 'non-profiled nmethods': size=119168Kb used=1451Kb max_used=1451Kb free=117717Kb
 bounds [0x000001b614ad0000, 0x000001b614d40000, 0x000001b61bf30000]
CodeHeap 'profiled nmethods': size=119104Kb used=6265Kb max_used=6265Kb free=112838Kb
 bounds [0x000001b60cf30000, 0x000001b60d550000, 0x000001b614380000]
CodeHeap 'non-nmethods': size=7488Kb used=3084Kb max_used=3132Kb free=4404Kb
 bounds [0x000001b614380000, 0x000001b6146a0000, 0x000001b614ad0000]
CodeCache: size=245760Kb, used=10800Kb, max_used=10848Kb, free=234959Kb
 total_blobs=3682, nmethods=3122, adapters=461, full_count=0
Compilation: enabled, stopped_count=0, restarted_count=0

Compilation events (20 events):
Event: 5.877 Thread 0x000001b666031ec0 3074       1       java.lang.invoke.MethodHandle::internalMemberName (2 bytes)
Event: 5.877 Thread 0x000001b666031ec0 nmethod 3074 0x000001b614c28d90 code [0x000001b614c28f20, 0x000001b614c28ff0]
Event: 5.888 Thread 0x000001b6205a0a40 3075       3       java.lang.invoke.LambdaFormBuffer::insertExpression (30 bytes)
Event: 5.889 Thread 0x000001b6205a0a40 nmethod 3075 0x000001b60d534310 code [0x000001b60d5344c0, 0x000001b60d534618]
Event: 5.898 Thread 0x000001b62033b670 3077       3       org.objectweb.asm.ByteVector::putByte (39 bytes)
Event: 5.899 Thread 0x000001b666031ec0 3078       3       org.objectweb.asm.Frame::execute (2303 bytes)
Event: 5.899 Thread 0x000001b62033b670 nmethod 3077 0x000001b60d534710 code [0x000001b60d5348c0, 0x000001b60d534aa0]
Event: 5.899 Thread 0x000001b6205a0a40 3079       3       org.objectweb.asm.Symbol::<init> (38 bytes)
Event: 5.899 Thread 0x000001b6205a0a40 nmethod 3079 0x000001b60d534c10 code [0x000001b60d534dc0, 0x000001b60d535050]
Event: 5.900 Thread 0x000001b6205a0a40 3080       3       org.objectweb.asm.SymbolTable::put (150 bytes)
Event: 5.901 Thread 0x000001b620402430 3081       3       org.objectweb.asm.ByteVector::putUTF8 (144 bytes)
Event: 5.901 Thread 0x000001b6205a0a40 nmethod 3080 0x000001b60d535110 code [0x000001b60d535300, 0x000001b60d535b50]
Event: 5.902 Thread 0x000001b620402430 nmethod 3081 0x000001b60d535e10 code [0x000001b60d536080, 0x000001b60d536b00]
Event: 5.903 Thread 0x000001b6205a0a40 3082       3       java.lang.Class::isAnnotation (17 bytes)
Event: 5.903 Thread 0x000001b6205a0a40 nmethod 3082 0x000001b60d536f90 code [0x000001b60d537140, 0x000001b60d5372d0]
Event: 5.903 Thread 0x000001b620402430 3083   !   3       sun.reflect.annotation.AnnotationParser::parseAnnotation2 (275 bytes)
Event: 5.904 Thread 0x000001b6205a0a40 3084       3       jdk.internal.loader.AbstractClassLoaderValue::<init> (5 bytes)
Event: 5.905 Thread 0x000001b6205a0a40 nmethod 3084 0x000001b60d537390 code [0x000001b60d537540, 0x000001b60d5376a8]
Event: 6.915 Thread 0x000001b620402430 nmethod 3083 0x000001b60d537790 code [0x000001b60d537bc0, 0x000001b60d539860]
Event: 6.916 Thread 0x000001b620402430 3085       3       org.objectweb.asm.SymbolTable$Entry::<init> (17 bytes)

GC Heap History (6 events):
Event: 2.199 GC heap before
{Heap before GC invocations=0 (full 0):
 garbage-first heap   total 524288K, used 31744K [0x00000000e0000000, 0x0000000100000000)
  region size 1024K, 25 young (25600K), 0 survivors (0K)
 Metaspace       used 4784K, committed 4992K, reserved 1114112K
  class space    used 580K, committed 704K, reserved 1048576K
}
Event: 2.209 GC heap after
{Heap after GC invocations=1 (full 0):
 garbage-first heap   total 524288K, used 15463K [0x00000000e0000000, 0x0000000100000000)
  region size 1024K, 4 young (4096K), 4 survivors (4096K)
 Metaspace       used 4784K, committed 4992K, reserved 1114112K
  class space    used 580K, committed 704K, reserved 1048576K
}
Event: 3.901 GC heap before
{Heap before GC invocations=1 (full 0):
 garbage-first heap   total 524288K, used 47207K [0x00000000e0000000, 0x0000000100000000)
  region size 1024K, 27 young (27648K), 4 survivors (4096K)
 Metaspace       used 11896K, committed 12160K, reserved 1114112K
  class space    used 1395K, committed 1536K, reserved 1048576K
}
Event: 3.909 GC heap after
{Heap after GC invocations=2 (full 0):
 garbage-first heap   total 524288K, used 28614K [0x00000000e0000000, 0x0000000100000000)
  region size 1024K, 4 young (4096K), 4 survivors (4096K)
 Metaspace       used 11896K, committed 12160K, reserved 1114112K
  class space    used 1395K, committed 1536K, reserved 1048576K
}
Event: 5.543 GC heap before
{Heap before GC invocations=2 (full 0):
 garbage-first heap   total 524288K, used 71622K [0x00000000e0000000, 0x0000000100000000)
  region size 1024K, 42 young (43008K), 4 survivors (4096K)
 Metaspace       used 16668K, committed 17216K, reserved 1114112K
  class space    used 1904K, committed 2176K, reserved 1048576K
}
Event: 5.548 GC heap after
{Heap after GC invocations=3 (full 0):
 garbage-first heap   total 524288K, used 33403K [0x00000000e0000000, 0x0000000100000000)
  region size 1024K, 6 young (6144K), 6 survivors (6144K)
 Metaspace       used 16668K, committed 17216K, reserved 1114112K
  class space    used 1904K, committed 2176K, reserved 1048576K
}

Dll operation events (20 events):
Event: 0.010 Attempting to load shared library C:\Program Files\Eclipse Adoptium\jdk-21.0.12.8-hotspot\bin\java.dll
Event: 0.011 Loaded shared library C:\Program Files\Eclipse Adoptium\jdk-21.0.12.8-hotspot\bin\java.dll
Event: 0.055 Attempting to load shared library C:\Program Files\Eclipse Adoptium\jdk-21.0.12.8-hotspot\bin\jsvml.dll
Event: 0.056 Loaded shared library C:\Program Files\Eclipse Adoptium\jdk-21.0.12.8-hotspot\bin\jsvml.dll
Event: 0.420 Attempting to load shared library C:\Program Files\Eclipse Adoptium\jdk-21.0.12.8-hotspot\bin\net.dll
Event: 0.422 Loaded shared library C:\Program Files\Eclipse Adoptium\jdk-21.0.12.8-hotspot\bin\net.dll
Event: 0.425 Attempting to load shared library C:\Program Files\Eclipse Adoptium\jdk-21.0.12.8-hotspot\bin\nio.dll
Event: 0.426 Loaded shared library C:\Program Files\Eclipse Adoptium\jdk-21.0.12.8-hotspot\bin\nio.dll
Event: 0.435 Attempting to load shared library C:\Program Files\Eclipse Adoptium\jdk-21.0.12.8-hotspot\bin\zip.dll
Event: 0.436 Loaded shared library C:\Program Files\Eclipse Adoptium\jdk-21.0.12.8-hotspot\bin\zip.dll
Event: 0.606 Attempting to load shared library C:\Program Files\Eclipse Adoptium\jdk-21.0.12.8-hotspot\bin\verify.dll
Event: 0.607 Loaded shared library C:\Program Files\Eclipse Adoptium\jdk-21.0.12.8-hotspot\bin\verify.dll
Event: 0.618 Attempting to load shared library C:\Program Files\Eclipse Adoptium\jdk-21.0.12.8-hotspot\bin\jimage.dll
Event: 0.618 Loaded shared library C:\Program Files\Eclipse Adoptium\jdk-21.0.12.8-hotspot\bin\jimage.dll
Event: 2.075 Attempting to load shared library C:\Program Files\Eclipse Adoptium\jdk-21.0.12.8-hotspot\bin\extnet.dll
Event: 2.076 Loaded shared library C:\Program Files\Eclipse Adoptium\jdk-21.0.12.8-hotspot\bin\extnet.dll
Event: 2.277 Attempting to load shared library C:\Program Files\Eclipse Adoptium\jdk-21.0.12.8-hotspot\bin\sunmscapi.dll
Event: 2.281 Loaded shared library C:\Program Files\Eclipse Adoptium\jdk-21.0.12.8-hotspot\bin\sunmscapi.dll
Event: 5.064 Attempting to load shared library C:\Users\INDIA TECHNOLOGY\AppData\Local\Temp\conscrypt_openjdk_jni-windows-x86_6417860284485330000.dll
Event: 5.072 Loaded shared library C:\Users\INDIA TECHNOLOGY\AppData\Local\Temp\conscrypt_openjdk_jni-windows-x86_6417860284485330000.dll

Deoptimization events (20 events):
Event: 5.415 Thread 0x000001b66663fdc0 DEOPT PACKING pc=0x000001b60d4921e1 sp=0x00000050c84fdb90
Event: 5.415 Thread 0x000001b66663fdc0 DEOPT UNPACKING pc=0x000001b6143d4bc2 sp=0x00000050c84fd0a0 mode 0
Event: 5.554 Thread 0x000001b66663fdc0 Uncommon trap: trap_request=0xffffff45 fr.pc=0x000001b614c15344 relative=0x00000000000000a4
Event: 5.554 Thread 0x000001b66663fdc0 Uncommon trap: reason=unstable_if action=reinterpret pc=0x000001b614c15344 method=java.lang.invoke.LambdaForm$BasicType.basicType(C)Ljava/lang/invoke/LambdaForm$BasicType; @ 1 c2
Event: 5.554 Thread 0x000001b66663fdc0 DEOPT PACKING pc=0x000001b614c15344 sp=0x00000050c84fa360
Event: 5.554 Thread 0x000001b66663fdc0 DEOPT UNPACKING pc=0x000001b6143d4422 sp=0x00000050c84fa2f8 mode 2
Event: 5.662 Thread 0x000001b66663fdc0 DEOPT PACKING pc=0x000001b60d492202 sp=0x00000050c84fb080
Event: 5.662 Thread 0x000001b66663fdc0 DEOPT UNPACKING pc=0x000001b6143d4bc2 sp=0x00000050c84fa590 mode 0
Event: 5.675 Thread 0x000001b66663fdc0 Uncommon trap: trap_request=0xffffff45 fr.pc=0x000001b614b73390 relative=0x0000000000000070
Event: 5.675 Thread 0x000001b66663fdc0 Uncommon trap: reason=unstable_if action=reinterpret pc=0x000001b614b73390 method=java.lang.ref.ReferenceQueue.poll()Ljava/lang/ref/Reference; @ 4 c2
Event: 5.675 Thread 0x000001b66663fdc0 DEOPT PACKING pc=0x000001b614b73390 sp=0x00000050c84fd9a0
Event: 5.675 Thread 0x000001b66663fdc0 DEOPT UNPACKING pc=0x000001b6143d4422 sp=0x00000050c84fd928 mode 2
Event: 5.698 Thread 0x000001b66663fdc0 Uncommon trap: trap_request=0xffffff45 fr.pc=0x000001b614c1ef2c relative=0x000000000000010c
Event: 5.698 Thread 0x000001b66663fdc0 Uncommon trap: reason=unstable_if action=reinterpret pc=0x000001b614c1ef2c method=java.util.Arrays.equals([Ljava/lang/Object;[Ljava/lang/Object;)Z @ 23 c2
Event: 5.698 Thread 0x000001b66663fdc0 DEOPT PACKING pc=0x000001b614c1ef2c sp=0x00000050c84fddd0
Event: 5.698 Thread 0x000001b66663fdc0 DEOPT UNPACKING pc=0x000001b6143d4422 sp=0x00000050c84fdd58 mode 2
Event: 5.720 Thread 0x000001b66663fdc0 Uncommon trap: trap_request=0xffffff45 fr.pc=0x000001b614be51f8 relative=0x0000000000000e98
Event: 5.720 Thread 0x000001b66663fdc0 Uncommon trap: reason=unstable_if action=reinterpret pc=0x000001b614be51f8 method=jdk.internal.org.objectweb.asm.SymbolTable.addType(Ljava/lang/String;)I @ 33 c2
Event: 5.720 Thread 0x000001b66663fdc0 DEOPT PACKING pc=0x000001b614be51f8 sp=0x00000050c84fda20
Event: 5.720 Thread 0x000001b66663fdc0 DEOPT UNPACKING pc=0x000001b6143d4422 sp=0x00000050c84fd9e8 mode 2

Classes loaded (20 events):
Event: 5.598 Loading class java/util/Locale$IsoCountryCode
Event: 5.598 Loading class java/util/Locale$IsoCountryCode done
Event: 5.598 Loading class java/util/Locale$LocaleNameGetter
Event: 5.598 Loading class java/util/Locale$LocaleNameGetter done
Event: 5.598 Loading class java/util/Locale$FilteringMode
Event: 5.598 Loading class java/util/Locale$FilteringMode done
Event: 5.598 Loading class java/util/Locale$LanguageRange
Event: 5.598 Loading class java/util/Locale$LanguageRange done
Event: 5.598 Loading class sun/util/locale/LocaleExtensions
Event: 5.599 Loading class sun/util/locale/LocaleExtensions done
Event: 5.698 Loading class java/util/stream/IntStream
Event: 5.699 Loading class java/util/stream/IntStream done
Event: 5.699 Loading class java/io/UnsupportedEncodingException
Event: 5.699 Loading class java/io/UnsupportedEncodingException done
Event: 5.733 Loading class java/lang/foreign/ValueLayout
Event: 5.733 Loading class java/lang/foreign/MemoryLayout
Event: 5.733 Loading class java/lang/foreign/MemoryLayout done
Event: 5.734 Loading class java/lang/foreign/ValueLayout done
Event: 5.735 Loading class jdk/internal/org/objectweb/asm/ClassReader
Event: 5.736 Loading class jdk/internal/org/objectweb/asm/ClassReader done

Classes unloaded (0 events):
No events

Classes redefined (0 events):
No events

Internal exceptions (20 events):
Event: 5.643 Thread 0x000001b66663fdc0 Exception <a 'java/lang/NoSuchMethodError'{0x00000000ffeb2858}: 'void java.lang.invoke.Invokers$Holder.exactInvoker(java.lang.Object, java.lang.Object, java.lang.Object, int, float, int)'> (0x00000000ffeb2858) 
thrown [s\src\hotspot\share\interpreter\linkResolver.cpp, line 773]
Event: 5.643 Thread 0x000001b66663fdc0 Exception <a 'java/lang/NoSuchMethodError'{0x00000000ffeb9e30}: 'void java.lang.invoke.DelegatingMethodHandle$Holder.delegate(java.lang.Object, java.lang.Object, java.lang.Object, int, float, int)'> (0x00000000ffeb9e30) 
thrown [s\src\hotspot\share\interpreter\linkResolver.cpp, line 773]
Event: 5.647 Thread 0x000001b66663fdc0 Exception <a 'java/lang/NoSuchMethodError'{0x00000000ffed57f8}: 'java.lang.Object java.lang.invoke.DirectMethodHandle$Holder.invokeStaticInit(java.lang.Object, java.lang.Object, java.lang.Object, java.lang.Object, java.lang.Object)'> (0x00000000ffed57f8) 
thrown [s\src\hotspot\share\interpreter\linkResolver.cpp, line 773]
Event: 5.648 Thread 0x000001b66663fdc0 Exception <a 'java/lang/NoSuchMethodError'{0x00000000ffee17f0}: 'java.lang.Object java.lang.invoke.Invokers$Holder.exactInvoker(java.lang.Object, java.lang.Object, java.lang.Object, java.lang.Object, java.lang.Object, java.lang.Object)'> (0x00000000ffee17f0) 
thrown [s\src\hotspot\share\interpreter\linkResolver.cpp, line 773]
Event: 5.656 Thread 0x000001b66663fdc0 Exception <a 'java/lang/NoSuchMethodError'{0x00000000ffd110b8}: 'void java.lang.invoke.DirectMethodHandle$Holder.invokeSpecial(java.lang.Object, java.lang.Object, java.lang.Object, java.lang.Object, java.lang.Object, java.lang.Object, java.lang.Object)'> (0x00000000ffd110b8) 
thrown [s\src\hotspot\share\interpreter\linkResolver.cpp, line 773]
Event: 5.656 Thread 0x000001b66663fdc0 Exception <a 'java/lang/NoSuchMethodError'{0x00000000ffd147e8}: 'void java.lang.invoke.Invokers$Holder.exactInvoker(java.lang.Object, java.lang.Object, java.lang.Object, java.lang.Object, java.lang.Object, java.lang.Object, java.lang.Object)'> (0x00000000ffd147e8) 
thrown [s\src\hotspot\share\interpreter\linkResolver.cpp, line 773]
Event: 5.657 Thread 0x000001b66663fdc0 Exception <a 'java/lang/NoSuchMethodError'{0x00000000ffd1ccf8}: 'void java.lang.invoke.DelegatingMethodHandle$Holder.delegate(java.lang.Object, java.lang.Object, java.lang.Object, java.lang.Object, java.lang.Object, java.lang.Object, java.lang.Object)'> (0x00000000ffd1ccf8) 
thrown [s\src\hotspot\share\interpreter\linkResolver.cpp, line 773]
Event: 5.659 Thread 0x000001b66663fdc0 Exception <a 'java/lang/NoSuchMethodError'{0x00000000ffd34028}: 'void java.lang.invoke.Invokers$Holder.linkToCallSite(java.lang.Object, java.lang.Object, java.lang.Object, java.lang.Object, java.lang.Object, java.lang.Object)'> (0x00000000ffd34028) 
thrown [s\src\hotspot\share\interpreter\linkResolver.cpp, line 773]
Event: 5.668 Thread 0x000001b66663fdc0 Exception <a 'java/lang/NoSuchMethodError'{0x00000000ffd6ead0}: 'void java.lang.invoke.Invokers$Holder.exactInvoker(java.lang.Object, java.lang.Object, java.lang.Object, java.lang.Object, java.lang.Object, java.lang.Object)'> (0x00000000ffd6ead0) 
thrown [s\src\hotspot\share\interpreter\linkResolver.cpp, line 773]
Event: 5.668 Thread 0x000001b66663fdc0 Exception <a 'java/lang/NoSuchMethodError'{0x00000000ffd72660}: 'void java.lang.invoke.DelegatingMethodHandle$Holder.delegate(java.lang.Object, java.lang.Object, java.lang.Object, java.lang.Object, java.lang.Object, java.lang.Object)'> (0x00000000ffd72660) 
thrown [s\src\hotspot\share\interpreter\linkResolver.cpp, line 773]
Event: 5.670 Thread 0x000001b66663fdc0 Exception <a 'java/lang/NoSuchMethodError'{0x00000000ffd81e48}: 'void java.lang.invoke.Invokers$Holder.linkToCallSite(java.lang.Object, java.lang.Object, java.lang.Object, java.lang.Object, java.lang.Object)'> (0x00000000ffd81e48) 
thrown [s\src\hotspot\share\interpreter\linkResolver.cpp, line 773]
Event: 5.823 Thread 0x000001b66663fdc0 Exception <a 'java/lang/NoSuchMethodError'{0x00000000ffabeca0}: 'void java.lang.invoke.Invokers$Holder.exactInvoker(java.lang.Object, java.lang.Object)'> (0x00000000ffabeca0) 
thrown [s\src\hotspot\share\interpreter\linkResolver.cpp, line 773]
Event: 5.825 Thread 0x000001b66663fdc0 Exception <a 'java/lang/NoSuchMethodError'{0x00000000ffacc638}: 'void java.lang.invoke.Invokers$Holder.linkToCallSite(java.lang.Object)'> (0x00000000ffacc638) 
thrown [s\src\hotspot\share\interpreter\linkResolver.cpp, line 773]
Event: 5.848 Thread 0x000001b66663fdc0 Exception <a 'java/lang/NoSuchMethodError'{0x00000000ff9103a8}: 'void java.lang.invoke.DirectMethodHandle$Holder.invokeStatic(java.lang.Object, int)'> (0x00000000ff9103a8) 
thrown [s\src\hotspot\share\interpreter\linkResolver.cpp, line 773]
Event: 5.853 Thread 0x000001b66663fdc0 Exception <a 'java/lang/NoSuchMethodError'{0x00000000ff920cc8}: 'void java.lang.invoke.Invokers$Holder.exactInvoker(java.lang.Object, java.lang.Object, int)'> (0x00000000ff920cc8) 
thrown [s\src\hotspot\share\interpreter\linkResolver.cpp, line 773]
Event: 5.854 Thread 0x000001b66663fdc0 Exception <a 'java/lang/NoSuchMethodError'{0x00000000ff92e818}: 'void java.lang.invoke.Invokers$Holder.linkToCallSite(int, java.lang.Object)'> (0x00000000ff92e818) 
thrown [s\src\hotspot\share\interpreter\linkResolver.cpp, line 773]
Event: 5.889 Thread 0x000001b66663fdc0 Exception <a 'java/lang/NoSuchMethodError'{0x00000000ff9bee70}: 'long java.lang.invoke.DirectMethodHandle$Holder.invokeStatic(java.lang.Object, java.lang.Object)'> (0x00000000ff9bee70) 
thrown [s\src\hotspot\share\interpreter\linkResolver.cpp, line 773]
Event: 5.890 Thread 0x000001b66663fdc0 Exception <a 'java/lang/NoSuchMethodError'{0x00000000ff9c5ee0}: 'long java.lang.invoke.Invokers$Holder.exactInvoker(java.lang.Object, java.lang.Object)'> (0x00000000ff9c5ee0) 
thrown [s\src\hotspot\share\interpreter\linkResolver.cpp, line 773]
Event: 5.890 Thread 0x000001b66663fdc0 Exception <a 'java/lang/NoSuchMethodError'{0x00000000ff9c9680}: 'long java.lang.invoke.DelegatingMethodHandle$Holder.delegate(java.lang.Object, java.lang.Object)'> (0x00000000ff9c9680) 
thrown [s\src\hotspot\share\interpreter\linkResolver.cpp, line 773]
Event: 5.892 Thread 0x000001b66663fdc0 Exception <a 'java/lang/NoSuchMethodError'{0x00000000ff9d6a18}: 'long java.lang.invoke.Invokers$Holder.linkToCallSite(java.lang.Object)'> (0x00000000ff9d6a18) 
thrown [s\src\hotspot\share\interpreter\linkResolver.cpp, line 773]

ZGC Phase Switch (0 events):
No events

VM Operations (20 events):
Event: 3.683 Executing non-safepoint VM operation: HandshakeAllThreads (Deoptimize)
Event: 3.683 Executing non-safepoint VM operation: HandshakeAllThreads (Deoptimize) done
Event: 3.707 Executing non-safepoint VM operation: HandshakeAllThreads (Deoptimize)
Event: 3.707 Executing non-safepoint VM operation: HandshakeAllThreads (Deoptimize) done
Event: 3.799 Executing non-safepoint VM operation: HandshakeAllThreads (Deoptimize)
Event: 3.799 Executing non-safepoint VM operation: HandshakeAllThreads (Deoptimize) done
Event: 3.900 Executing safepoint VM operation: G1CollectForAllocation (G1 Evacuation Pause)
Event: 3.910 Executing safepoint VM operation: G1CollectForAllocation (G1 Evacuation Pause) done
Event: 4.615 Executing non-safepoint VM operation: HandshakeAllThreads (Deoptimize)
Event: 4.615 Executing non-safepoint VM operation: HandshakeAllThreads (Deoptimize) done
Event: 4.734 Executing non-safepoint VM operation: HandshakeAllThreads (Deoptimize)
Event: 4.734 Executing non-safepoint VM operation: HandshakeAllThreads (Deoptimize) done
Event: 5.334 Executing safepoint VM operation: ICBufferFull
Event: 5.334 Executing safepoint VM operation: ICBufferFull done
Event: 5.543 Executing safepoint VM operation: G1CollectForAllocation (G1 Evacuation Pause)
Event: 5.548 Executing safepoint VM operation: G1CollectForAllocation (G1 Evacuation Pause) done
Event: 5.696 Executing non-safepoint VM operation: HandshakeAllThreads (Deoptimize)
Event: 5.696 Executing non-safepoint VM operation: HandshakeAllThreads (Deoptimize) done
Event: 6.696 Executing safepoint VM operation: Cleanup
Event: 6.915 Executing safepoint VM operation: Cleanup done

Memory protections (0 events):
No events

Nmethod flushes (0 events):
No events

Events (20 events):
Event: 0.453 Thread 0x000001b6203370c0 Thread added: 0x000001b6205ae2c0
Event: 0.453 Thread 0x000001b6203370c0 Thread added: 0x000001b6205bd3d0
Event: 0.780 Thread 0x000001b6205bd3d0 Thread exited: 0x000001b6205bd3d0
Event: 0.783 Thread 0x000001b6205ae2c0 Thread exited: 0x000001b6205ae2c0
Event: 2.022 Thread 0x000001b6205a0a40 Thread added: 0x000001b666031ec0
Event: 2.185 Thread 0x000001b6024cd760 Thread added: 0x000001b6660764b0
Event: 2.215 Thread 0x000001b6205a0a40 Thread added: 0x000001b620ccd390
Event: 2.245 Thread 0x000001b666031ec0 Thread added: 0x000001b666435450
Event: 2.403 Thread 0x000001b6024cd760 Thread added: 0x000001b620cf2b90
Event: 2.405 Thread 0x000001b6024cd760 Thread added: 0x000001b6661e53c0
Event: 2.776 Thread 0x000001b666435450 Thread exited: 0x000001b666435450
Event: 3.184 Thread 0x000001b620ccd390 Thread exited: 0x000001b620ccd390
Event: 3.666 Thread 0x000001b6024cd760 Thread added: 0x000001b66663fdc0
Event: 3.899 Thread 0x000001b6203370c0 Thread added: 0x000001b666656330
Event: 3.899 Thread 0x000001b6203370c0 Thread added: 0x000001b6666569e0
Event: 4.140 Thread 0x000001b6666569e0 Thread exited: 0x000001b6666569e0
Event: 4.595 Thread 0x000001b66663fdc0 Thread added: 0x000001b666a44080
Event: 4.626 Thread 0x000001b666a44080 Thread exited: 0x000001b666a44080
Event: 5.783 Thread 0x000001b666031ec0 Thread added: 0x000001b66767c8a0
Event: 6.916 Thread 0x000001b66767c8a0 Thread exited: 0x000001b66767c8a0


Dynamic libraries:
0x00007ff627960000 - 0x00007ff62796e000 	C:\Program Files\Eclipse Adoptium\jdk-21.0.12.8-hotspot\bin\java.exe
0x00007ffe67ba0000 - 0x00007ffe67e06000 	C:\Windows\SYSTEM32\ntdll.dll
0x00007ffe66f10000 - 0x00007ffe66fd9000 	C:\Windows\System32\KERNEL32.DLL
0x00007ffe65340000 - 0x00007ffe6573e000 	C:\Windows\System32\KERNELBASE.dll
0x00007ffe650f0000 - 0x00007ffe6523c000 	C:\Windows\System32\ucrtbase.dll
0x00007ffe19070000 - 0x00007ffe19088000 	C:\Program Files\Eclipse Adoptium\jdk-21.0.12.8-hotspot\bin\jli.dll
0x00007ffe181e0000 - 0x00007ffe181fe000 	C:\Program Files\Eclipse Adoptium\jdk-21.0.12.8-hotspot\bin\VCRUNTIME140.dll
0x00007ffe672c0000 - 0x00007ffe67487000 	C:\Windows\System32\USER32.dll
0x00007ffe65310000 - 0x00007ffe65337000 	C:\Windows\System32\win32u.dll
0x00007ffe44f60000 - 0x00007ffe451f2000 	C:\Windows\WinSxS\amd64_microsoft.windows.common-controls_6595b64144ccf1df_6.0.26100.8875_none_3e0d5d42e32fe9dd\COMCTL32.dll
0x00007ffe67550000 - 0x00007ffe6757b000 	C:\Windows\System32\GDI32.dll
0x00007ffe665b0000 - 0x00007ffe66659000 	C:\Windows\System32\msvcrt.dll
0x00007ffe64fc0000 - 0x00007ffe650ea000 	C:\Windows\System32\gdi32full.dll
0x00007ffe64dc0000 - 0x00007ffe64e63000 	C:\Windows\System32\msvcp_win.dll
0x00007ffe67790000 - 0x00007ffe677c2000 	C:\Windows\System32\IMM32.DLL
0x00007ffe5b5e0000 - 0x00007ffe5b5ec000 	C:\Program Files\Eclipse Adoptium\jdk-21.0.12.8-hotspot\bin\vcruntime140_1.dll
0x00007ffdef750000 - 0x00007ffdef7dd000 	C:\Program Files\Eclipse Adoptium\jdk-21.0.12.8-hotspot\bin\msvcp140.dll
0x00007ffddacf0000 - 0x00007ffddba92000 	C:\Program Files\Eclipse Adoptium\jdk-21.0.12.8-hotspot\bin\server\jvm.dll
0x00007ffe666f0000 - 0x00007ffe667a7000 	C:\Windows\System32\ADVAPI32.dll
0x00007ffe67490000 - 0x00007ffe6753a000 	C:\Windows\System32\sechost.dll
0x00007ffe658d0000 - 0x00007ffe659e8000 	C:\Windows\System32\RPCRT4.dll
0x00007ffe66660000 - 0x00007ffe666e0000 	C:\Windows\System32\WS2_32.dll
0x00007ffe638e0000 - 0x00007ffe6393e000 	C:\Windows\SYSTEM32\POWRPROF.dll
0x00007ffe616a0000 - 0x00007ffe616d6000 	C:\Windows\SYSTEM32\WINMM.dll
0x00007ffe5d300000 - 0x00007ffe5d30b000 	C:\Windows\SYSTEM32\VERSION.dll
0x00007ffe638c0000 - 0x00007ffe638d4000 	C:\Windows\SYSTEM32\UMPDC.dll
0x00007ffe63b60000 - 0x00007ffe63b7b000 	C:\Windows\SYSTEM32\kernel.appcore.dll
0x00007ffe4d0d0000 - 0x00007ffe4d0da000 	C:\Program Files\Eclipse Adoptium\jdk-21.0.12.8-hotspot\bin\jimage.dll
0x00007ffe62290000 - 0x00007ffe624d2000 	C:\Windows\SYSTEM32\DBGHELP.DLL
0x00007ffe677d0000 - 0x00007ffe67b53000 	C:\Windows\System32\combase.dll
0x00007ffe667b0000 - 0x00007ffe66889000 	C:\Windows\System32\OLEAUT32.dll
0x00007ffe294e0000 - 0x00007ffe2951b000 	C:\Windows\SYSTEM32\dbgcore.DLL
0x00007ffe65250000 - 0x00007ffe652fc000 	C:\Windows\System32\bcryptPrimitives.dll
0x00007ffe11690000 - 0x00007ffe116b0000 	C:\Program Files\Eclipse Adoptium\jdk-21.0.12.8-hotspot\bin\java.dll
0x00007ffe65e10000 - 0x00007ffe665a2000 	C:\Windows\System32\SHELL32.dll
0x00007ffe62850000 - 0x00007ffe630e2000 	C:\Windows\SYSTEM32\windows.storage.dll
0x00007ffe67690000 - 0x00007ffe67787000 	C:\Windows\System32\SHCORE.dll
0x00007ffe65c60000 - 0x00007ffe65cc7000 	C:\Windows\System32\shlwapi.dll
0x00007ffe64ce0000 - 0x00007ffe64d09000 	C:\Windows\SYSTEM32\profapi.dll
0x00007ffdef4e0000 - 0x00007ffdef5b7000 	C:\Program Files\Eclipse Adoptium\jdk-21.0.12.8-hotspot\bin\jsvml.dll
0x00007ffe3cc40000 - 0x00007ffe3cc50000 	C:\Program Files\Eclipse Adoptium\jdk-21.0.12.8-hotspot\bin\net.dll
0x00007ffe5d5e0000 - 0x00007ffe5d707000 	C:\Windows\SYSTEM32\WINHTTP.dll
0x00007ffe64170000 - 0x00007ffe641dc000 	C:\Windows\system32\mswsock.dll
0x00007ffe11670000 - 0x00007ffe11686000 	C:\Program Files\Eclipse Adoptium\jdk-21.0.12.8-hotspot\bin\nio.dll
0x00007ffe11520000 - 0x00007ffe11538000 	C:\Program Files\Eclipse Adoptium\jdk-21.0.12.8-hotspot\bin\zip.dll
0x00007ffe39150000 - 0x00007ffe39160000 	C:\Program Files\Eclipse Adoptium\jdk-21.0.12.8-hotspot\bin\verify.dll
0x00007ffe21800000 - 0x00007ffe21809000 	C:\Program Files\Eclipse Adoptium\jdk-21.0.12.8-hotspot\bin\extnet.dll
0x00007ffe19060000 - 0x00007ffe1906e000 	C:\Program Files\Eclipse Adoptium\jdk-21.0.12.8-hotspot\bin\sunmscapi.dll
0x00007ffe65750000 - 0x00007ffe658c8000 	C:\Windows\System32\CRYPT32.dll
0x00007ffe646b0000 - 0x00007ffe646e0000 	C:\Windows\SYSTEM32\ncrypt.dll
0x00007ffe64660000 - 0x00007ffe6469f000 	C:\Windows\SYSTEM32\NTASN1.dll
0x00007ffe29430000 - 0x00007ffe29438000 	C:\Windows\system32\wshunix.dll
0x00007ffe64470000 - 0x00007ffe6448b000 	C:\Windows\SYSTEM32\CRYPTSP.dll
0x00007ffe63b20000 - 0x00007ffe63b59000 	C:\Windows\system32\rsaenh.dll
0x00007ffe64230000 - 0x00007ffe64262000 	C:\Windows\SYSTEM32\USERENV.dll
0x00007ffe64cb0000 - 0x00007ffe64cda000 	C:\Windows\SYSTEM32\bcrypt.dll
0x00007ffe64490000 - 0x00007ffe6449c000 	C:\Windows\SYSTEM32\CRYPTBASE.dll
0x00007ffe63510000 - 0x00007ffe63543000 	C:\Windows\SYSTEM32\IPHLPAPI.DLL
0x00007ffe67540000 - 0x00007ffe6754a000 	C:\Windows\System32\NSI.dll
0x00007ffdceab0000 - 0x00007ffdced55000 	C:\Users\INDIA TECHNOLOGY\AppData\Local\Temp\conscrypt_openjdk_jni-windows-x86_6417860284485330000.dll

JVMTI agents: none

dbghelp: loaded successfully - version: 4.0.5 - missing functions: none
symbol engine: initialized successfully - sym options: 0x614 - pdb path: .;C:\Program Files\Eclipse Adoptium\jdk-21.0.12.8-hotspot\bin;C:\Windows\SYSTEM32;C:\Windows\WinSxS\amd64_microsoft.windows.common-controls_6595b64144ccf1df_6.0.26100.8875_none_3e0d5d42e32fe9dd;C:\Program Files\Eclipse Adoptium\jdk-21.0.12.8-hotspot\bin\server;C:\Users\INDIA TECHNOLOGY\AppData\Local\Temp

VM Arguments:
jvm_args: -Djava.awt.headless=true -Djava.library.path=C:\Program Files\Eclipse Adoptium\jdk-21.0.12.8-hotspot\bin;C:\Windows\Sun\Java\bin;C:\Windows\system32;C:\Windows;C:\Program Files\Common Files\Oracle\Java\javapath;C:\Windows\system32;C:\Windows;C:\Windows\System32\Wbem;C:\Windows\System32\WindowsPowerShell\v1.0\;C:\Windows\System32\OpenSSH\;C:\Program Files\NVIDIA Corporation\NVIDIA App\NvDLISR;C:\Program Files\dotnet\;C:\Program Files (x86)\NVIDIA Corporation\PhysX\Common;C:\Users\INDIA TECHNOLOGY\AppData\Local\Programs\Python\Python313\;C:\Users\INDIA TECHNOLOGY\AppData\Local\Programs\Python\Python313\Scripts\;C:\Program Files (x86)\Google\Cloud SDK\google-cloud-sdk\bin;C:\Program Files\Git\cmd;C:\Program Files\Tailscale\;C:\Program Files\Amazon\AWSCLIV2\;C:\Program Files\Docker\Docker\resources\bin;C:\Program Files\nodejs\;C:\Users\INDIA TECHNOLOGY\.grok\bin;C:\Users\INDIA TECHNOLOGY\.kimi-code\bin;C:\Users\INDIA TECHNOLOGY\.local\bin;C:\Users\INDIA TECHNOLOGY\.amp\bin;C:\Users\INDIA TECHNOLOGY\.cargo\bin;C:\Users\INDIA TECHNOLOGY\AppData\Local\Programs\Python\Python313\Scripts\;C:\Users\INDIA TECHNOLOGY\AppData\Local\Programs\Python\Python313\;C:\Users\INDIA TECHNOLOGY\AppData\Local\Microsoft\WindowsApps;C:\Users\INDIA TECHNOLOGY\AppData\Local\Programs\Microsoft VS Code\bin;C:\Users\INDIA TECHNOLOGY\AppData\Local\Python\bin;C:\ProgramData\INDIA TECHNOLOGY\GitHubDesktop\bin;C:\Users\INDIA TECHNOLOGY\AppData\Local\GitHubDesktop\bin;C:\Users\INDIA TECHNOLOGY\AppData\Local\Programs\cursor\resources\app\bin;C:\Users\INDIA TECHNOLOGY\.bun\bin;C:\Users\INDIA TECHNOLOGY\AppData\Local\Microsoft\WinGet\Packages\Kubernetes.kubectl_Microsoft.Winget.Source_8wekyb3d8bbwe;C:\Users\INDIA TECHNOLOGY\AppData\Local\PowerToys\DSCModules\;C:\Users\INDIA TECHNOLOGY\AppData\Roaming\npm;C:\Users\INDIA TECHNOLOGY\.openclaw\bin;C:\Users\INDIA TECHNOLOGY\AppData\Local\cursor-agent;.;D:\Github\Tandem\android\app\src\testDebug\jniLibs;D:\Github\Tandem\android\app\src\test\jniLibs -Dorg.gradle.internal.worker.tmpdir=D:\Github\Tandem\android\app\build\tmp\testDebugUnitTest\work --add-opens=java.base/java.io=ALL-UNNAMED -Xmx512m -Dfile.encoding=UTF-8 -Duser.country=US -Duser.language=en -Duser.variant -ea 
java_command: worker.org.gradle.process.internal.worker.GradleWorkerMain 'Gradle Test Executor 31'
java_class_path (initial): C:\Users\INDIA TECHNOLOGY\.gradle\caches\8.11.1\workerMain\gradle-worker.jar;D:\Github\Tandem\android\app\build\intermediates\unit_test_config_directory\debugUnitTest\generateDebugUnitTestConfig\out;D:\Github\Tandem\android\app\build\intermediates\classes\debugUnitTest\transformDebugUnitTestClassesWithAsm\dirs;D:\Github\Tandem\android\app\build\intermediates\java_res\debugUnitTest\processDebugUnitTestJavaRes\out;D:\Github\Tandem\android\app\build\intermediates\runtime_app_classes_jar\debug\bundleDebugClassesToRuntimeJar\classes.jar;C:\Users\INDIA TECHNOLOGY\.gradle\caches\8.11.1\transforms\61c679be406366f0112aa5399b98ea49\transformed\junit-1.2.1-runtime.jar;C:\Users\INDIA TECHNOLOGY\.gradle\caches\modules-2\files-2.1\junit\junit\4.13.2\8ac9e16d933b6fb43bc7f576336b8f4d7eb5ba12\junit-4.13.2.jar;C:\Users\INDIA TECHNOLOGY\.gradle\caches\modules-2\files-2.1\app.cash.turbine\turbine-jvm\1.2.0\300d55d23fe50bb39273aaebcfe79c5d442e7c48\Turbine-jvm.jar;C:\Users\INDIA TECHNOLOGY\.gradle\caches\modules-2\files-2.1\androidx.room\room-common\2.6.1\ff1b9580850a9b7eef56554e356628d225785265\room-common-2.6.1.jar;C:\Users\INDIA TECHNOLOGY\.gradle\caches\8.11.1\transforms\f6991781bbf7ee96ae2cf66e9accd4f4\transformed\room-runtime-2.6.1-runtime.jar;C:\Users\INDIA TECHNOLOGY\.gradle\caches\8.11.1\transforms\228885b61c9f1fa49e7d69598d72b482\transformed\room-ktx-2.6.1-runtime.jar;C:\Users\INDIA TECHNOLOGY\.gradle\caches\8.11.1\transforms\573a93b21f97b2466b75b98391c7ddb0\transformed\camera-video-1.4.0-runtime.jar;C:\Users\INDIA TECHNOLOGY\.gradle\caches\8.11.1\transforms\6cfdf82aa5daa50c30ee3dd845a1b7e2\transformed\camera-view-1.4.0-runtime.jar;C:\Users\INDIA TECHNOLOGY\.gradle\caches\8.11.1\transforms\88c7ce116e54c8b20fe95c8fa8622420\transformed\camera-lifecycle-1.4.0-runtime.jar;C:\Users\INDIA TECHNOLOGY\.gradle\caches\8.11.1\transforms\1efa427957e919674c49f9f521c40a77\transformed\camera-camera2-1.4.0-runtime.jar;C:\Users\INDIA TECHNOLOGY\.gradle\caches\8.11.1\transforms\4d1abff4e4e66a7cefbd2a24a9caef4f\transformed\camera-core-1.4.0-runtime.jar;C:\Users\INDIA TECHNOLOGY\.gradle\caches\8.11.1\transforms\53324237bcaa60460cb0e690c03f710f\transformed\hilt-navigation-compose-1.2.0-runtime.jar;C:\Users\INDIA TECHNOLOGY\.gradle\caches\8.11.1\transforms\ed41e925e84e724d5293142082725ced\transformed\hilt-navigation-1.2.0-runtime.jar;C:\Users\INDIA TECHNOLOGY\.gradle\caches\8.11.1\transforms\a842e0cdd9c71decd36d045427e12f1b\transformed\hilt-android-2.52-runtime.jar;C:\Users\INDIA TECHNOLOGY\.gradle\caches\8.11.1\transforms\f6607947e6b2bf496de33e6c3b31961b\transformed\appcompat-1.1.0-runtime.jar;C:\Users\INDIA TECHNOLOGY\.gradle\caches\8.11.1\transforms\bf3823c15b32b45f7cb1dc9429710c24\transformed\fragment-1.5.1-runtime.jar;C:\Users\INDIA TECHNOLOGY\.gradle\caches\8.11.1\transforms\f9e544f2aa2de119b9795b2839a33b49\transformed\activity-1.9.3-runtime.jar;C:\Users\INDIA TECHNOLOGY\.gradle\caches\8.11.1\transforms\0d51b2aed133a48fbc78aa2e0bf19a5b\transformed\navigation-compose-2.5.1-runtime.jar;C:\Users\INDIA TECHNOLOGY\.gradle\caches\8.11.1\transforms\6512092adffa907314e1fb8f78c8b4ca\transformed\material3-release-runtime.jar;C:\Users\INDIA TECHNOLOGY\.gradle\caches\8.11.1\transforms\68990d31cfedc413256bc5624a23646d\transformed\customview-poolingcontainer-1.0.0-runtime.jar;C:\Users\INDIA TECHNOLOGY\.gradle\caches\8.11.1\transforms\84d55f3001b36bd7e6adf437900d6f1e\transformed\navigation-runtime-ktx-2.5.1-runtime.jar;C:\Users\INDIA TECHNOLOGY\.gradle\caches\8.11.1\transforms\faecc22293cb91920c6c0177c067f420\transformed\navigation-runtime-2.5.1-runtime.jar;C:\Users\INDIA TECHNOLOGY\.gradle\caches\8.11.1\transforms\5c30385f818cb602cba9226bcc9c2fee\transformed\navigation-common-ktx-2.5.1-runtime.jar;C:\Users\INDIA TECHNOLOGY\.gradle\caches\8.11.1\transforms\62f34f851ccbccd99e706cf1eb080532\transformed\navigation-common-2.5.1-runtime.jar;C:\Users\INDIA TECHNOLOGY\.gradle\caches\8.11.1\transforms\71da0d8e2981d51e6fe5c42fc3f80077\transformed\core-ktx-1.15.0-runtime.jar;C:\Users\INDIA TECHNOLOGY\.gradle\caches\8.11.1\transforms\b6e50abe566e2efbc2cd4b1442948aa4\transformed\loader-1.0.0-runtime.jar;C:\Users\INDIA TECHNOLOGY\.gradle\caches\8.11.1\transforms\3ae537ddb45508cf3771f1a5e5fa13a7\transformed\viewpager-1.0.0-runtime.jar;C:\Users\INDIA TECHNOLOGY\.gradle\caches\8.11.1\transforms\884e203b96857f89b53aab56277cb3db\transformed\appcompat-resources-1.1.0-runtime.jar;C:\Users\INDIA TECHNOLOGY\.gradle\caches\8.11.1\transforms\9ddc9fc33a304430ea7e33c3274855b6\transformed\drawerlayout-1.0.0-runtime.jar;C:\Users\INDIA TECHNOLOGY\.gradle\caches\8.11.1\transforms\0ef8eefa4a791839e55c5cc054648ad1\transformed\autofill-1.0.0-runtime.jar;C:\Users\INDIA TECHNOLOGY\.gradle\caches\8.11.1\transforms\c973817c1ce8b519cd196200264d34d7\transformed\customview-1.0.0-runtime.jar;C:\Users\INDIA TECHNOLOGY\.gradle\caches\8.11.1\transforms\3bc92ee2c5804adbd1f7517463c6cdd9\transformed\material-release-runtime.jar;C:\Users\INDIA TECHNOLOGY\.gradle\caches\8.11.1\transforms\a5c4545df193ff24210d015d9094da4d\transformed\animation-core-release-runtime.jar;C:\Users\INDIA TECHNOLOGY\.gradle\caches\8.11.1\transforms\0421bd6fde758ad2e65d6759d9241c9f\transformed\material-ripple-release-runtime.jar;C:\Users\INDIA TECHNOLOGY\.gradle\caches\8.11.1\transforms\773ff2372066b801ba65ab0749a5e887\transformed\foundation-release-runtime.jar;C:\Users\INDIA TECHNOLOGY\.gradle\caches\8.11.1\transforms\6a2e83fbb2bf21505deea113bbdfaf00\transformed\animation-release-runtime.jar;C:\Users\INDIA TECHNOLOGY\.gradle\caches\8.11.1\transforms\c2ebf59e9a9ad975d6ad62cf2028dbbf\transformed\foundation-layout-release-runtime.jar;C:\Users\INDIA TECHNOLOGY\.gradle\caches\8.11.1\transforms\71af10ebc6c17131c0f10b910ae4ec2a\transformed\vectordrawable-animated-1.1.0-runtime.jar;C:\Users\INDIA TECHNOLOGY\.gradle\caches\8.11.1\transforms\29a0f9e8c79e78cf2c298ba239a96f6a\transformed\vectordrawable-1.1.0-runtime.jar;C:\Users\INDIA TECHNOLOGY\.gradle\caches\8.11.1\transforms\e26a008c5fd277422c7f7c32f5920c8e\transformed\ui-tooling-data-release-runtime.jar;C:\Users\INDIA TECHNOLOGY\.gradle\caches\8.11.1\transforms\f14a4f07a606f96a3fdb4ac1501624bb\transformed\ui-unit-release-runtime.jar;C:\Users\INDIA TECHNOLOGY\.gradle\caches\8.11.1\transforms\c6f0d01622dc921013d5a9aa680834fc\transformed\ui-graphics-release-runtime.jar;C:\Users\INDIA TECHNOLOGY\.gradle\caches\8.11.1\transforms\119013c63baad91491314a93d357687d\transformed\ui-geometry-release-runtime.jar;C:\Users\INDIA TECHNOLOGY\.gradle\caches\8.11.1\transforms\c0fbc06bd00da2aa0332b9af2fbbb95b\transformed\ui-util-release-runtime.jar;C:\Users\INDIA TECHNOLOGY\.gradle\caches\8.11.1\transforms\68d4a1f43fa36af4f9b9c67d9a4f3ee5\transformed\ui-tooling-preview-release-runtime.jar;C:\Users\INDIA TECHNOLOGY\.gradle\caches\8.11.1\transforms\22a86e1b41484708dfd021e8db1500c6\transformed\ui-text-release-runtime.jar;C:\Users\INDIA TECHNOLOGY\.gradle\caches\8.11.1\transforms\05d97425c170f173c855ae58411fb641\transformed\emoji2-1.3.0-runtime.jar;C:\Users\INDIA TECHNOLOGY\.gradle\caches\8.11.1\transforms\879571405287c953e48a8f490e352be7\transformed\graphics-path-1.0.1-runtime.jar;C:\Users\INDIA TECHNOLOGY\.gradle\caches\8.11.1\transforms\e41ffbbdb006700df99ad3a58688d46e\transformed\core-1.15.0-runtime.jar;C:\Users\INDIA TECHNOLOGY\.gradle\caches\8.11.1\transforms\c9cb8fbb4253a84f33b18ac194f999cf\transformed\core-1.6.1-runtime.jar;C:\Users\INDIA TECHNOLOGY\.gradle\caches\8.11.1\transforms\5ae3d7f0c0fe8515ba15eb3566372ffe\transformed\savedstate-ktx-1.2.1-runtime.jar;C:\Users\INDIA TECHNOLOGY\.gradle\caches\8.11.1\transforms\8e0c2e811219ba35208b286ce5c8c812\transformed\savedstate-1.2.1-runtime.jar;C:\Users\INDIA TECHNOLOGY\.gradle\caches\8.11.1\transforms\caa714c45cd2aa99531b5685a39eac94\transformed\lifecycle-process-2.8.7-runtime.jar;C:\Users\INDIA TECHNOLOGY\.gradle\caches\8.11.1\transforms\6081a8fd8584af8f9059107159977e8e\transformed\lifecycle-runtime-compose-release-runtime.jar;C:\Users\INDIA TECHNOLOGY\.gradle\caches\8.11.1\transforms\d690f8e58e098eba84cabef4eaaf771b\transformed\lifecycle-viewmodel-2.8.7-runtime.jar;C:\Users\INDIA TECHNOLOGY\.gradle\caches\8.11.1\transforms\4323574ea67c35acc478d4b2397a9062\transformed\lifecycle-viewmodel-release-runtime.jar;C:\Users\INDIA TECHNOLOGY\.gradle\caches\8.11.1\transforms\ca8ae3f1d5d600ac1deba350be226687\transformed\lifecycle-livedata-core-ktx-2.8.7-runtime.jar;C:\Users\INDIA TECHNOLOGY\.gradle\caches\modules-2\files-2.1\androidx.lifecycle\lifecycle-common-jvm\2.8.7\7174a594afb73a9ad9ac9074ce78b94af3cc52a7\lifecycle-common-jvm-2.8.7.jar;C:\Users\INDIA TECHNOLOGY\.gradle\caches\8.11.1\transforms\082018ef2e8b42c19d789c7a70752aa7\transformed\lifecycle-runtime-release-runtime.jar;C:\Users\INDIA TECHNOLOGY\.gradle\caches\modules-2\files-2.1\androidx.lifecycle\lifecycle-common-java8\2.8.7\2ad14aed781c4a73ed4dbb421966d408a0a06686\lifecycle-common-java8-2.8.7.jar;C:\Users\INDIA TECHNOLOGY\.gradle\caches\8.11.1\transforms\1f0ac604d5d00a9e84a0e811c58a3e91\transformed\lifecycle-livedata-core-2.8.7-runtime.jar;C:\Users\INDIA TECHNOLOGY\.gradle\caches\8.11.1\transforms\61d228136fc9267f161d4c63e7543aae\transformed\lifecycle-viewmodel-ktx-2.8.7-runtime.jar;C:\Users\INDIA TECHNOLOGY\.gradle\caches\8.11.1\transforms\5109a94bcd70e8966f44e4de07cd88d3\transformed\lifecycle-viewmodel-savedstate-2.8.7-runtime.jar;C:\Users\INDIA TECHNOLOGY\.gradle\caches\8.11.1\transforms\910cff1f944643a4432309afd6469e85\transformed\lifecycle-livedata-2.8.7-runtime.jar;C:\Users\INDIA TECHNOLOGY\.gradle\caches\8.11.1\transforms\d0b59cd6e8cdcd0fa93377b43a4c6c3f\transformed\lifecycle-viewmodel-compose-release-runtime.jar;C:\Users\INDIA TECHNOLOGY\.gradle\caches\8.11.1\transforms\cce4dd99d75abb890fb7e5f41fb28078\transformed\material-icons-extended-release-runtime.jar;C:\Users\INDIA TECHNOLOGY\.gradle\caches\8.11.1\transforms\8fa1ac2d94d727ae967e1f88f28ca334\transformed\material-icons-core-release-runtime.jar;C:\Users\INDIA TECHNOLOGY\.gradle\caches\8.11.1\transforms\d5738f2057c1259e6fab82ea530fd41c\transformed\ui-release-runtime.jar;C:\Users\INDIA TECHNOLOGY\.gradle\caches\8.11.1\transforms\bbfa2cd5ed7c00e115ce63e3cdcd5c24\transformed\ui-tooling-release-runtime.jar;C:\Users\INDIA TECHNOLOGY\.gradle\caches\8.11.1\transforms\cfb13587c75989acaec06c40d6866b18\transformed\activity-compose-1.9.3-runtime.jar;C:\Users\INDIA TECHNOLOGY\.gradle\caches\8.11.1\transforms\8fcf6ec4c78bfcf8aebe52ccc5c8deab\transformed\activity-ktx-1.9.3-runtime.jar;C:\Users\INDIA TECHNOLOGY\.gradle\caches\8.11.1\transforms\146ab972dac053958228a59e663895e5\transformed\lifecycle-runtime-ktx-release-runtime.jar;C:\Users\INDIA TECHNOLOGY\.gradle\caches\8.11.1\transforms\b3b2938f360571a0cc61d5a69a040a3b\transformed\runtime-saveable-release-runtime.jar;C:\Users\INDIA TECHNOLOGY\.gradle\caches\8.11.1\transforms\a4dd89203dfe6c7d8cb434c8942e2353\transformed\runtime-release-runtime.jar;C:\Users\INDIA TECHNOLOGY\.gradle\caches\modules-2\files-2.1\org.jetbrains.kotlinx\kotlinx-coroutines-android\1.9.0\6cf3b8df5a2ce8c6b0dffe55657a827c405ee2fe\kotlinx-coroutines-android-1.9.0.jar;C:\Users\INDIA TECHNOLOGY\.gradle\caches\modules-2\files-2.1\org.jetbrains.kotlinx\kotlinx-coroutines-test-jvm\1.9.0\7227c0691a604e2b32f525b628014dda862d0eed\kotlinx-coroutines-test-jvm-1.9.0.jar;C:\Users\INDIA TECHNOLOGY\.gradle\caches\modules-2\files-2.1\androidx.datastore\datastore-core-okio-jvm\1.1.1\cba5887aaa9316d650b3ebc667243ed3a05f4407\datastore-core-okio-jvm-1.1.1.jar;C:\Users\INDIA TECHNOLOGY\.gradle\caches\8.11.1\transforms\06d56b7297e55f55647535f036f6558e\transformed\datastore-core-release-runtime.jar;C:\Users\INDIA TECHNOLOGY\.gradle\caches\modules-2\files-2.1\androidx.datastore\datastore-preferences-core-jvm\1.1.1\e562d4a944240c0e67317f0b862da24aca3aabc\datastore-preferences-core-jvm-1.1.1.jar;C:\Users\INDIA TECHNOLOGY\.gradle\caches\8.11.1\transforms\ec42d91e019c920e60e895e02067072f\transformed\datastore-release-runtime.jar;C:\Users\INDIA TECHNOLOGY\.gradle\caches\8.11.1\transforms\ab70217ec5f1ce85cfa77530cd3ef8f3\transformed\datastore-preferences-release-runtime.jar;C:\Users\INDIA TECHNOLOGY\.gradle\caches\modules-2\files-2.1\androidx.concurrent\concurrent-futures-ktx\1.1.0\b4c245baf36d1a9e7defaf3be84f7a2ad4e1c797\concurrent-futures-ktx-1.1.0.jar;C:\Users\INDIA TECHNOLOGY\.gradle\caches\modules-2\files-2.1\org.jetbrains.kotlinx\kotlinx-coroutines-core-jvm\1.9.0\9beade4c1c1569e4f36cbd2c37e02e3e41502601\kotlinx-coroutines-core-jvm-1.9.0.jar;C:\Users\INDIA TECHNOLOGY\.gradle\caches\modules-2\files-2.1\org.robolectric\robolectric\4.14\e72f24ba51cbd20d18e67711a70f28436b050fe5\robolectric-4.14.jar;C:\Users\INDIA TECHNOLOGY\.gradle\caches\modules-2\files-2.1\com.google.protobuf\protobuf-kotlin-lite\4.28.3\77f3a6d2e91a907d215e7feb04c0d0a0bc59dd0f\protobuf-kotlin-lite-4.28.3.jar;C:\Users\INDIA TECHNOLOGY\.gradle\caches\modules-2\files-2.1\org.robolectric\shadows-framework\4.14\ac47e2985efc81266a794dafd89a09621cac749d\shadows-framework-4.14.jar;C:\Users\INDIA TECHNOLOGY\.gradle\caches\8.11.1\transforms\457c4c5a4174b9ede7797f230a97a339\transformed\storage-1.5.0-runtime.jar;C:\Users\INDIA TECHNOLOGY\.gradle\caches\8.11.1\transforms\4d84201001e2ca9f2c777f86578461dd\transformed\monitor-1.7.2-runtime.jar;C:\Users\INDIA TECHNOLOGY\.gradle\caches\8.11.1\transforms\a83781ae82fdb180b8460fa137aa09aa\transformed\sqlite-framework-2.4.0-runtime.jar;C:\Users\INDIA TECHNOLOGY\.gradle\caches\8.11.1\transforms\5a2852da730e21f5775b1c778249694b\transformed\sqlite-2.4.0-runtime.jar;C:\Users\INDIA TECHNOLOGY\.gradle\caches\8.11.1\transforms\96c6efb9fd61409e489b792fdc5935a6\transformed\annotation-experimental-1.4.1-runtime.jar;C:\Users\INDIA TECHNOLOGY\.gradle\caches\8.11.1\transforms\3ac4480a31c0e64ca19a2ba1610feb97\transformed\profileinstaller-1.3.1-runtime.jar;C:\Users\INDIA TECHNOLOGY\.gradle\caches\8.11.1\transforms\e83dd695a7944c72e0c9719976335df7\transformed\startup-runtime-1.1.1-runtime.jar;C:\Users\INDIA TECHNOLOGY\.gradle\caches\8.11.1\transforms\57fc79d232209284802fed950449672a\transformed\tracing-1.2.0-runtime.jar;C:\Users\INDIA TECHNOLOGY\.gradle\caches\8.11.1\transforms\d451e2f88e696ccfba39c6996610a9e7\transformed\tracing-ktx-1.2.0-runtime.jar;C:\Users\INDIA TECHNOLOGY\.gradle\caches\8.11.1\transforms\9efab0310ea216e8188131eccff548cb\transformed\core-runtime-2.2.0-runtime.jar;C:\Users\INDIA TECHNOLOGY\.gradle\caches\modules-2\files-2.1\androidx.concurrent\concurrent-futures\1.1.0\50b7fb98350d5f42a4e49704b03278542293ba48\concurrent-futures-1.1.0.jar;C:\Users\INDIA TECHNOLOGY\.gradle\caches\8.11.1\transforms\fff2e508f9c2a7270cc978814ce89941\transformed\exifinterface-1.3.2-runtime.jar;C:\Users\INDIA TECHNOLOGY\.gradle\caches\8.11.1\transforms\1f5885757a5b8607c467eda1407bd977\transformed\interpolator-1.0.0-runtime.jar;C:\Users\INDIA TECHNOLOGY\.gradle\caches\8.11.1\transforms\0c8ae23d5765db81cba7f2b355294c93\transformed\versionedparcelable-1.1.1-runtime.jar;C:\Users\INDIA TECHNOLOGY\.gradle\caches\modules-2\files-2.1\androidx.arch.core\core-common\2.2.0\5e1b8b81dfd5f52c56a8d53b18ca759c19a301f3\core-common-2.2.0.jar;C:\Users\INDIA TECHNOLOGY\.gradle\caches\8.11.1\transforms\553529fb0427acb16ce47d2b97788b46\transformed\cursoradapter-1.0.0-runtime.jar;C:\Users\INDIA TECHNOLOGY\.gradle\caches\modules-2\files-2.1\androidx.collection\collection-ktx\1.4.4\2ad14aed781c4a73ed4dbb421966d408a0a06686\collection-ktx-1.4.4.jar;C:\Users\INDIA TECHNOLOGY\.gradle\caches\modules-2\files-2.1\androidx.collection\collection-jvm\1.4.4\da13a7e557c430276b8cb490420effebc1398c0d\collection-jvm-1.4.4.jar;C:\Users\INDIA TECHNOLOGY\.gradle\caches\modules-2\files-2.1\androidx.annotation\annotation-jvm\1.8.1\b8a16fe526014b7941c1debaccaf9c5153692dbb\annotation-jvm-1.8.1.jar;C:\Users\INDIA TECHNOLOGY\.gradle\caches\modules-2\files-2.1\com.squareup.okio\okio-jvm\3.4.0\4e8bd78a52ab935ce383d0092646922154295e54\okio-jvm-3.4.0.jar;C:\Users\INDIA TECHNOLOGY\.gradle\caches\modules-2\files-2.1\org.jetbrains.kotlin\kotlin-stdlib-jdk8\1.8.22\b25c86d47d6b962b9cf0f8c3f320c8a10eea3dd1\kotlin-stdlib-jdk8-1.8.22.jar;C:\Users\INDIA TECHNOLOGY\.gradle\caches\modules-2\files-2.1\org.jetbrains.kotlin\kotlin-stdlib-jdk7\1.8.22\4dabb8248310d833bb6a8b516024a91fd3d275c\kotlin-stdlib-jdk7-1.8.22.jar;C:\Users\INDIA TECHNOLOGY\.gradle\caches\modules-2\files-2.1\org.jetbrains.kotlin\kotlin-parcelize-runtime\1.9.22\de4a21d6560cadd035c69ba3af3ad1afecc95299\kotlin-parcelize-runtime-1.9.22.jar;C:\Users\INDIA TECHNOLOGY\.gradle\caches\modules-2\files-2.1\org.jetbrains.kotlin\kotlin-android-extensions-runtime\1.9.22\ee3bc0c3b55cb516ac92d6a093e1b939166b86a2\kotlin-android-extensions-runtime-1.9.22.jar;C:\Users\INDIA TECHNOLOGY\.gradle\caches\modules-2\files-2.1\org.jetbrains.kotlin\kotlin-stdlib\2.0.21\618b539767b4899b4660a83006e052b63f1db551\kotlin-stdlib-2.0.21.jar;C:\Users\INDIA TECHNOLOGY\.gradle\caches\modules-2\files-2.1\com.google.protobuf\protobuf-javalite\4.28.3\86ee1130a9cdf0885190020258006f95c8d2b16f\protobuf-javalite-4.28.3.jar;C:\Users\INDIA TECHNOLOGY\.gradle\caches\modules-2\files-2.1\org.bouncycastle\bcpkix-jdk18on\1.79\7693cec3b8779b74b35466dcaeeaac7409872954\bcpkix-jdk18on-1.79.jar;C:\Users\INDIA TECHNOLOGY\.gradle\caches\modules-2\files-2.1\com.google.zxing\core\3.5.3\ca1349214a356cd7958651b2d5a0e1f3811a9c4b\core-3.5.3.jar;C:\Users\INDIA TECHNOLOGY\.gradle\caches\modules-2\files-2.1\com.googlecode.libphonenumber\geocoder\3.7\88f86da7d153d64ed8a0eac4f3a0180ecedf523e\geocoder-3.7.jar;C:\Users\INDIA TECHNOLOGY\.gradle\caches\modules-2\files-2.1\com.googlecode.libphonenumber\carrier\1.229\112c6a28aac26250b4048bf6e20e4146b70436f\carrier-1.229.jar;C:\Users\INDIA TECHNOLOGY\.gradle\caches\modules-2\files-2.1\com.googlecode.libphonenumber\prefixmapper\3.7\f9c22494992fd23a038cdd39190105c05fdbef10\prefixmapper-3.7.jar;C:\Users\INDIA TECHNOLOGY\.gradle\caches\modules-2\files-2.1\com.googlecode.libphonenumber\libphonenumber\9.0.7\96bd6cf3cea1ba08975953f31f7a86b392054ddd\libphonenumber-9.0.7.jar;C:\Users\INDIA TECHNOLOGY\.gradle\caches\modules-2\files-2.1\org.hamcrest\hamcrest-core\1.3\42a25dc3219429f0e5d060061f71acb49bf010a0\hamcrest-core-1.3.jar;C:\Users\INDIA TECHNOLOGY\.gradle\caches\modules-2\files-2.1\org.conscrypt\conscrypt-openjdk-uber\2.5.2\d858f142ea189c62771c505a6548d8606ac098fe\conscrypt-openjdk-uber-2.5.2.jar;C:\Users\INDIA TECHNOLOGY\.gradle\caches\modules-2\files-2.1\org.yaml\snakeyaml\2.3\936b36210e27320f920536f695cf1af210c44586\snakeyaml-2.3.jar;C:\Users\INDIA TECHNOLOGY\.gradle\caches\8.11.1\transforms\3b3393eb4cfb07cc556dfcb875df78a1\transformed\espresso-idling-resource-3.6.1-runtime.jar;C:\Users\INDIA TECHNOLOGY\.gradle\caches\modules-2\files-2.1\com.google.testparameterinjector\test-parameter-injector\1.18\5da02ca88c55bab58071a33e3f5fb6cfcf5df270\test-parameter-injector-1.18.jar;C:\Users\INDIA TECHNOLOGY\.gradle\caches\modules-2\files-2.1\org.robolectric\junit\4.14\294bd5c7d948f7e7e1e56d199bd65098fcd5fb4\junit-4.14.jar;C:\Users\INDIA TECHNOLOGY\.gradle\caches\modules-2\files-2.1\org.robolectric\resources\4.14\42ac93c155e281af8e90f633a2c7623dd6d59aee\resources-4.14.jar;C:\Users\INDIA TECHNOLOGY\.gradle\caches\modules-2\files-2.1\org.robolectric\sandbox\4.14\84a17d28850f00aba09e306326b3ef5ded6bf475\sandbox-4.14.jar;C:\Users\INDIA TECHNOLOGY\.gradle\caches\modules-2\files-2.1\org.robolectric\nativeruntime\4.14\d04302f5fefa95b3078aa861aacd78fe821e6a47\nativeruntime-4.14.jar;C:\Users\INDIA TECHNOLOGY\.gradle\caches\modules-2\files-2.1\org.robolectric\utils-reflector\4.14\e98deac81bf4f660fb7dc682ebf9bc9ec66d8cbc\utils-reflector-4.14.jar;C:\Users\INDIA TECHNOLOGY\.gradle\caches\modules-2\files-2.1\org.robolectric\plugins-maven-dependency-resolver\4.14\b605c73e540d76a30d26b82213af7d561ee5891c\plugins-maven-dependency-resolver-4.14.jar;C:\Users\INDIA TECHNOLOGY\.gradle\caches\modules-2\files-2.1\org.robolectric\shadowapi\4.14\37dff3a5df08476d8a6c3d13f54637c9bff24a41\shadowapi-4.14.jar;C:\Users\INDIA TECHNOLOGY\.gradle\caches\modules-2\files-2.1\org.robolectric\utils\4.14\f3583c0bfc30a3b1e6f1f8f2b1012892988aa313\utils-4.14.jar;C:\Users\INDIA TECHNOLOGY\.gradle\caches\modules-2\files-2.1\org.robolectric\pluginapi\4.14\828d33944051574713652c8a2d394e50dec8020f\pluginapi-4.14.jar;C:\Users\INDIA TECHNOLOGY\.gradle\caches\modules-2\files-2.1\org.robolectric\annotations\4.14\ce0d7bce33497f14996b6244d2312b1192acc64\annotations-4.14.jar;C:\Users\INDIA TECHNOLOGY\.gradle\caches\modules-2\files-2.1\com.google.dagger\hilt-core\2.52\d8e3f33770f8b5d9e2e29a303278c3e41faa9980\hilt-core-2.52.jar;C:\Users\INDIA TECHNOLOGY\.gradle\caches\modules-2\files-2.1\com.google.dagger\dagger\2.52\c385ea51a9873b238d183faa22d54c00d65195ac\dagger-2.52.jar;C:\Users\INDIA TECHNOLOGY\.gradle\caches\modules-2\files-2.1\javax.inject\javax.inject\1\6975da39a7040257bd51d21a231b76c915872d38\javax.inject-1.jar;C:\Users\INDIA TECHNOLOGY\.gradle\caches\modules-2\files-2.1\javax.annotation\javax.annotation-api\1.3.2\934c04d3cfef185a8008e7bf34331b79730a9d43\javax.annotation-api-1.3.2.jar;C:\Users\INDIA TECHNOLOGY\.gradle\caches\modules-2\files-2.1\org.bouncycastle\bcutil-jdk18on\1.79\ecfc5aef97cc7676ea0de5c53c407b9f533f0ad5\bcutil-jdk18on-1.79.jar;C:\Users\INDIA TECHNOLOGY\.gradle\caches\modules-2\files-2.1\org.bouncycastle\bcprov-jdk18on\1.79\4d8e2732bcee15f1db93df266c3f5b70ce5cac21\bcprov-jdk18on-1.79.jar;C:\Users\INDIA TECHNOLOGY\.gradle\caches\modules-2\files-2.1\org.jetbrains\annotations\23.0.0\8cc20c07506ec18e0834947b84a864bfc094484e\annotations-23.0.0.jar;C:\Users\INDIA TECHNOLOGY\.gradle\caches\8.11.1\transforms\ec58fe0350cd75a218d4ec453e9a8b02\transformed\dagger-lint-aar-2.52-runtime.jar;C:\Users\INDIA TECHNOLOGY\.gradle\caches\modules-2\files-2.1\com.google.errorprone\error_prone_annotation\2.34.0\d74b3474300d060bfb83f961bb0ec118c502ec76\error_prone_annotation-2.34.0.jar;C:\Users\INDIA TECHNOLOGY\.gradle\caches\modules-2\files-2.1\com.google.guava\guava\33.3.1-jre\36162b3b4e9df67dae90db62a2c54616ca42c1bd\guava-33.3.1-android.jar;C:\Users\INDIA TECHNOLOGY\.gradle\caches\modules-2\files-2.1\com.google.code.findbugs\jsr305\3.0.2\25ea2e8b0c338a877313bd4672d3fe056ea78f0d\jsr305-3.0.2.jar;C:\Users\INDIA TECHNOLOGY\.gradle\caches\modules-2\files-2.1\com.google.auto.value\auto-value-annotations\1.11.0\f0d047931d07cfbc6fa4079854f181ff62891d6f\auto-value-annotations-1.11.0.jar;C:\Users\INDIA TECHNOLOGY\.gradle\caches\modules-2\files-2.1\com.google.guava\listenablefuture\9999.0-empty-to-avoid-conflict-with-guava\b421526c5f297295adef1c886e5246c39d4ac629\listenablefuture-9999.0-empty-to-avoid-conflict-with-guava.jar;C:\Users\INDIA TECHNOLOGY\.gradle\caches\modules-2\files-2.1\org.ow2.asm\asm-commons\9.7.1\406c6a2225cfe1819f102a161e54cc16a5c24f75\asm-commons-9.7.1.jar;C:\Users\INDIA TECHNOLOGY\.gradle\caches\modules-2\files-2.1\org.ow2.asm\asm-util\9.7.1\9e23359b598ec6b74b23e53110dd5c577adf2243\asm-util-9.7.1.jar;C:\Users\INDIA TECHNOLOGY\.gradle\caches\modules-2\files-2.1\org.ow2.asm\asm-analysis\9.7.1\f97a3b319f0ed6a8cd944dc79060d3912a28985f\asm-analysis-9.7.1.jar;C:\Users\INDIA TECHNOLOGY\.gradle\caches\modules-2\files-2.1\org.ow2.asm\asm-tree\9.7.1\3a53139787663b139de76b627fca0084ab60d32c\asm-tree-9.7.1.jar;C:\Users\INDIA TECHNOLOGY\.gradle\caches\modules-2\files-2.1\org.ow2.asm\asm\9.7.1\f0ed132a49244b042cd0e15702ab9f2ce3cc8436\asm-9.7.1.jar;C:\Users\INDIA TECHNOLOGY\.gradle\caches\modules-2\files-2.1\com.almworks.sqlite4java\sqlite4java\1.0.392\d6234e08ff4e1607ff5321da2579571f05ff778d\sqlite4java-1.0.392.jar;C:\Users\INDIA TECHNOLOGY\.gradle\caches\modules-2\files-2.1\com.ibm.icu\icu4j\75.1\e8f8dcc2967f5ec2cfae185172293adfa5599b78\icu4j-75.1.jar;C:\Users\INDIA TECHNOLOGY\.gradle\caches\modules-2\files-2.1\jakarta.inject\jakarta.inject-api\2.0.1\4c28afe1991a941d7702fe1362c365f0a8641d1e\jakarta.inject-api-2.0.1.jar;C:\Users\INDIA TECHNOLOGY\.gradle\caches\modules-2\files-2.1\com.google.guava\failureaccess\1.0.2\c4a06a64e650562f30b7bf9aaec1bfed43aca12b\failureaccess-1.0.2.jar;C:\Users\INDIA TECHNOLOGY\.gradle\caches\modules-2\files-2.1\org.checkerframework\checker-qual\3.43.0\9425eee39e56b116d2b998b7c2cebcbd11a3c98b\checker-qual-3.43.0.jar;C:\Users\INDIA TECHNOLOGY\.gradle\caches\modules-2\files-2.1\com.google.errorprone\error_prone_annotations\2.28.0\59fc00087ce372de42e394d2c789295dff2d19f0\error_prone_annotations-2.28.0.jar;C:\Users\INDIA TECHNOLOGY\.gradle\caches\modules-2\files-2.1\com.google.j2objc\j2objc-annotations\3.0.0\7399e65dd7e9ff3404f4535b2f017093bdb134c7\j2objc-annotations-3.0.0.jar;C:\Users\INDIA TECHNOLOGY\.gradle\caches\modules-2\files-2.1\org.robolectric\nativeruntime-dist-compat\1.0.16\ef05f75ca93873db8afb4642c32ba816e67856bc\nativeruntime-dist-compat-1.0.16.jar;D:\Github\Tandem\android\app\build\intermediates\java_res\debug\processDebugJavaRes\out;C:\Users\INDIA TECHNOLOGY\.gradle\caches\8.11.1\transforms\915621a59793b5c34bff34feb41fd1b9\transformed\junit-1.2.1\jars\classes.jar;C:\Users\INDIA TECHNOLOGY\.gradle\caches\8.11.1\transforms\81fd6bfc8ec84ebfa8da343d220d4b1c\transformed\room-runtime-2.6.1\jars\classes.jar;C:\Users\INDIA TECHNOLOGY\.gradle\caches\8.11.1\transforms\78d7ae6da61633264b787470ab0033ce\transformed\room-ktx-2.6.1\jars\classes.jar;C:\Users\INDIA TECHNOLOGY\.gradle\caches\8.11.1\transforms\83e115bde5692bbe0380968632c73005\transformed\camera-video-1.4.0\jars\classes.jar;C:\Users\INDIA TECHNOLOGY\.gradle\caches\8.11.1\transforms\cf45ba2942222e44e1e24764cdfdd2eb\transformed\camera-view-1.4.0\jars\classes.jar;C:\Users\INDIA TECHNOLOGY\.gradle\caches\8.11.1\transforms\c1561090e0256082ea7df2e5022ad1b6\transformed\camera-lifecycle-1.4.0\jars\classes.jar;C:\Users\INDIA TECHNOLOGY\.gradle\caches\8.11.1\transforms\2017d3c54eb0386700c0f3f2fc643653\transformed\camera-camera2-1.4.0\jars\classes.jar;C:\Users\INDIA TECHNOLOGY\.gradle\caches\8.11.1\transforms\7d47e20e1f285864edbdad8889330dc0\transformed\camera-core-1.4.0\jars\classes.jar;C:\Users\INDIA TECHNOLOGY\.gradle\caches\8.11.1\transforms\f34e387fdf098c5f5c4f8d43c8e6fc08\transformed\hilt-navigation-compose-1.2.0\jars\classes.jar;C:\Users\INDIA TECHNOLOGY\.gradle\caches\8.11.1\transforms\067d6707239c70b0045170fd77c3dddd\transformed\hilt-navigation-1.2.0\jars\classes.jar;C:\Users\INDIA TECHNOLOGY\.gradle\caches\8.11.1\transforms\b0900d26a64fcd90e677ff971b212a06\transformed\hilt-android-2.52\jars\classes.jar;C:\Users\INDIA TECHNOLOGY\.gradle\caches\8.11.1\transforms\01f1a5199a92617a9c7ee6b515701c86\transformed\appcompat-1.1.0\jars\classes.jar;C:\Users\INDIA TECHNOLOGY\.gradle\caches\8.11.1\transforms\7cc946a96cb1c36d5d6c3a28de29434b\transformed\fragment-1.5.1\jars\classes.jar;C:\Users\INDIA TECHNOLOGY\.gradle\caches\8.11.1\transforms\95f17555723b8d38e66336f227dd308d\transformed\activity-1.9.3\jars\classes.jar;C:\Users\INDIA TECHNOLOGY\.gradle\caches\8.11.1\transforms\1ee652721a08bfa37d580bf4797353d8\transformed\navigation-compose-2.5.1\jars\classes.jar;C:\Users\INDIA TECHNOLOGY\.gradle\caches\8.11.1\transforms\71a36ea68954ace48759883216efc3c7\transformed\material3-release\jars\classes.jar;C:\Users\INDIA TECHNOLOGY\.gradle\caches\8.11.1\transforms\eeb7847df64a64c3992d2332d3c96f55\transformed\customview-poolingcontainer-1.0.0\jars\classes.jar;C:\Users\INDIA TECHNOLOGY\.gradle\caches\8.11.1\transforms\aa27a530423d4b8be6e302932adbc4ad\transformed\navigation-runtime-ktx-2.5.1\jars\classes.jar;C:\Users\INDIA TECHNOLOGY\.gradle\caches\8.11.1\transforms\cc6ae3a48ddfa828869289136ec6fd34\transformed\navigation-runtime-2.5.1\jars\classes.jar;C:\Users\INDIA TECHNOLOGY\.gradle\caches\8.11.1\transforms\42c96909cf0b8d377ad0f2f563261e1f\transformed\navigation-common-ktx-2.5.1\jars\classes.jar;C:\Users\INDIA TECHNOLOGY\.gradle\caches\8.11.1\transforms\49e8c2ff06c72bd01a1acdbf23bc3ad0\transformed\navigation-common-2.5.1\jars\classes.jar;C:\Users\INDIA TECHNOLOGY\.gradle\caches\8.11.1\transforms\0bd7eddb509bfb554ffc46bc60b777de\transformed\core-ktx-1.15.0\jars\classes.jar;C:\Users\INDIA TECHNOLOGY\.gradle\caches\8.11.1\transforms\d8ff03cd5e54bc79aa3244aca23181b4\transformed\loader-1.0.0\jars\classes.jar;C:\Users\INDIA TECHNOLOGY\.gradle\caches\8.11.1\transforms\9ee79ecec3723fd6bb462c9504e6d93b\transformed\viewpager-1.0.0\jars\classes.jar;C:\Users\INDIA TECHNOLOGY\.gradle\caches\8.11.1\transforms\3c381e0d84045a5d36c53695f92950a3\transformed\appcompat-resources-1.1.0\jars\classes.jar;C:\Users\INDIA TECHNOLOGY\.gradle\caches\8.11.1\transforms\da9415327887fa7f39e564966e79761a\transformed\drawerlayout-1.0.0\jars\classes.jar;C:\Users\INDIA TECHNOLOGY\.gradle\caches\8.11.1\transforms\385acec39d2c250b59e0576a8de1b7ff\transformed\autofill-1.0.0\jars\classes.jar;C:\Users\INDIA TECHNOLOGY\.gradle\caches\8.11.1\transforms\ccad21b13acb2083b42ed0585a1fe2e7\transformed\customview-1.0.0\jars\classes.jar;C:\Users\INDIA TECHNOLOGY\.gradle\caches\8.11.1\transforms\af6266c48fd7f45c81a6aa0b4e4b856a\transformed\material-release\jars\classes.jar;C:\Users\INDIA TECHNOLOGY\.gradle\caches\8.11.1\transforms\b8aba3f135dc87f8b0c7f57f3c4fd5b5\transformed\animation-core-release\jars\classes.jar;C:\Users\INDIA TECHNOLOGY\.gradle\caches\8.11.1\transforms\583ebe1ca91acb34e35b6ffa9f815102\transformed\material-ripple-release\jars\classes.jar;C:\Users\INDIA TECHNOLOGY\.gradle\caches\8.11.1\transforms\a5702bfba9364cd364cbe9901edebb6f\transformed\foundation-release\jars\classes.jar;C:\Users\INDIA TECHNOLOGY\.gradle\caches\8.11.1\transforms\e882b570ac6c2f2d6b6174bbcf1255c5\transformed\animation-release\jars\classes.jar;C:\Users\INDIA TECHNOLOGY\.gradle\caches\8.11.1\transforms\a25b4dbad4b9455593a5bccbec1cb46b\transformed\foundation-layout-release\jars\classes.jar;C:\Users\INDIA TECHNOLOGY\.gradle\caches\8.11.1\transforms\c499f22c16cb7b2692b0d6b682b0749e\transformed\vectordrawable-animated-1.1.0\jars\classes.jar;C:\Users\INDIA TECHNOLOGY\.gradle\caches\8.11.1\transforms\bd114b6a87d8801e9321e112dbb49964\transformed\vectordrawable-1.1.0\jars\classes.jar;C:\Users\INDIA TECHNOLOGY\.gradle\caches\8.11.1\transforms\918cb6ef35a73b7128a0c1b4b7d03c6d\transformed\ui-tooling-data-release\jars\classes.jar;C:\Users\INDIA TECHNOLOGY\.gradle\caches\8.11.1\transforms\3a9010d931aa476a74b2b66df840610e\transformed\ui-unit-release\jars\classes.jar;C:\Users\INDIA TECHNOLOGY\.gradle\caches\8.11.1\transforms\6d7afcefcbb085d118265626561e8ffa\transformed\ui-graphics-release\jars\classes.jar;C:\Users\INDIA TECHNOLOGY\.gradle\caches\8.11.1\transforms\844b4d3bf3ffe1d2d4ea456aa04edb1c\transformed\ui-geometry-release\jars\classes.jar;C:\Users\INDIA TECHNOLOGY\.gradle\caches\8.11.1\transforms\365f6fe05aa38fc5a1064cabdd3dd2bc\transformed\ui-util-release\jars\classes.jar;C:\Users\INDIA TECHNOLOGY\.gradle\caches\8.11.1\transforms\62f9701aef137f159eb55a0c53c08dbb\transformed\ui-tooling-preview-release\jars\classes.jar;C:\Users\INDIA TECHNOLOGY\.gradle\caches\8.11.1\transforms\897718392bf126b1160637f55e9a2e66\transformed\ui-text-release\jars\classes.jar;C:\Users\INDIA TECHNOLOGY\.gradle\caches\8.11.1\transforms\91e1d102e5b95c7724c5e2d69084205f\transformed\emoji2-1.3.0\jars\classes.jar;C:\Users\INDIA TECHNOLOGY\.gradle\caches\8.11.1\transforms\91e1d102e5b95c7724c5e2d69084205f\transformed\emoji2-1.3.0\jars\libs\repackaged.jar;C:\Users\INDIA TECHNOLOGY\.gradle\caches\8.11.1\transforms\02148be6a78d5f841b9d46c48bfe0bb0\transformed\graphics-path-1.0.1\jars\classes.jar;C:\Users\INDIA TECHNOLOGY\.gradle\caches\8.11.1\transforms\64bd68b0090d2a8a985e73aa5004961f\transformed\core-1.15.0\jars\classes.jar;C:\Users\INDIA TECHNOLOGY\.gradle\caches\8.11.1\transforms\a0f35cacfcadacc52fea4339fd9e4dd1\transformed\core-1.6.1\jars\classes.jar;C:\Users\INDIA TECHNOLOGY\.gradle\caches\8.11.1\transforms\f5dca810d1e326e7f570d7ceb11fb430\transformed\savedstate-ktx-1.2.1\jars\classes.jar;C:\Users\INDIA TECHNOLOGY\.gradle\caches\8.11.1\transforms\59e46f1a9407fb08cf90deb3a8abf848\transformed\savedstate-1.2.1\jars\classes.jar;C:\Users\INDIA TECHNOLOGY\.gradle\caches\8.11.1\transforms\28e1e72e12224145f72daf0a289a453f\transformed\lifecycle-process-2.8.7\jars\classes.jar;C:\Users\INDIA TECHNOLOGY\.gradle\caches\8.11.1\transforms\8d6aa31c8b2c87540bdbdd13417f0346\transformed\lifecycle-runtime-compose-release\jars\classes.jar;C:\Users\INDIA TECHNOLOGY\.gradle\caches\8.11.1\transforms\563b24aca1cee1a1f660f3528351618b\transformed\lifecycle-viewmodel-2.8.7\jars\classes.jar;C:\Users\INDIA TECHNOLOGY\.gradle\caches\8.11.1\transforms\5c187157384aa88c8d006fc9c70d1aa3\transformed\lifecycle-viewmodel-release\jars\classes.jar;C:\Users\INDIA TECHNOLOGY\.gradle\caches\8.11.1\transforms\688aeea292b710e5a7fa1c879a1a4ab0\transformed\lifecycle-livedata-core-ktx-2.8.7\jars\classes.jar;C:\Users\INDIA TECHNOLOGY\.gradle\caches\8.11.1\transforms\fbc34c01c3836c1e1a15060479ac09cf\transformed\lifecycle-runtime-release\jars\classes.jar;C:\Users\INDIA TECHNOLOGY\.gradle\caches\8.11.1\transforms\e82d67234d58cf7ccd7a382d3e59fcab\transformed\lifecycle-livedata-core-2.8.7\jars\classes.jar;C:\Users\INDIA TECHNOLOGY\.gradle\caches\8.11.1\transforms\14a38b2c459e86be96b2ee33480281b1\transformed\lifecycle-viewmodel-ktx-2.8.7\jars\classes.jar;C:\Users\INDIA TECHNOLOGY\.gradle\caches\8.11.1\transforms\abea9b269496a4642e4e633aecb7902f\transformed\lifecycle-viewmodel-savedstate-2.8.7\jars\classes.jar;C:\Users\INDIA TECHNOLOGY\.gradle\caches\8.11.1\transforms\dc57a7228b751de1c02f3ff3143d1535\transformed\lifecycle-livedata-2.8.7\jars\classes.jar;C:\Users\INDIA TECHNOLOGY\.gradle\caches\8.11.1\transforms\4a19a9063af8cf8782a09a9bb2042ba0\transformed\lifecycle-viewmodel-compose-release\jars\classes.jar;C:\Users\INDIA TECHNOLOGY\.gradle\caches\8.11.1\transforms\69fbf3dc3a3df0f959cee6635a8d632b\transformed\material-icons-extended-release\jars\classes.jar;C:\Users\INDIA TECHNOLOGY\.gradle\caches\8.11.1\transforms\6495b0120d055bdd69c331a184c4e6c2\transformed\material-icons-core-release\jars\classes.jar;C:\Users\INDIA TECHNOLOGY\.gradle\caches\8.11.1\transforms\c7da3b508a608c17aaaa630bc7538d5d\transformed\ui-release\jars\classes.jar;C:\Users\INDIA TECHNOLOGY\.gradle\caches\8.11.1\transforms\1bc069cbb88881dd2b41d7c24ca43b01\transformed\ui-tooling-release\jars\classes.jar;C:\Users\INDIA TECHNOLOGY\.gradle\caches\8.11.1\transforms\2e966c739e7884e633e7d03af2456e73\transformed\activity-compose-1.9.3\jars\classes.jar;C:\Users\INDIA TECHNOLOGY\.gradle\caches\8.11.1\transforms\820804c68446f8ab115a5923f9273db9\transformed\activity-ktx-1.9.3\jars\classes.jar;C:\Users\INDIA TECHNOLOGY\.gradle\caches\8.11.1\transforms\55a4d70e7427c3cbca082f4066f67b81\transformed\lifecycle-runtime-ktx-release\jars\classes.jar;C:\Users\INDIA TECHNOLOGY\.gradle\caches\8.11.1\transforms\684a4d87c6b90f896b3e088c8c322b21\transformed\runtime-saveable-release\jars\classes.jar;C:\Users\INDIA TECHNOLOGY\.gradle\caches\8.11.1\transforms\ab96c5bcb813d808b29a859e9770c504\transformed\runtime-release\jars\classes.jar;C:\Users\INDIA TECHNOLOGY\.gradle\caches\8.11.1\transforms\ee4f037a1211824888e266c61e77d2b8\transformed\datastore-core-release\jars\classes.jar;C:\Users\INDIA TECHNOLOGY\.gradle\caches\8.11.1\transforms\3730e0358942587fd53e8ec501c50e25\transformed\datastore-release\jars\classes.jar;C:\Users\INDIA TECHNOLOGY\.gradle\caches\8.11.1\transforms\c4dd6dc28da2b0198c9bfefde1371cf4\transformed\datastore-preferences-release\jars\classes.jar;C:\Users\INDIA TECHNOLOGY\.gradle\caches\8.11.1\transforms\a3976739084075e5022c4c546c679acd\transformed\storage-1.5.0\jars\classes.jar;C:\Users\INDIA TECHNOLOGY\.gradle\caches\8.11.1\transforms\05d7bf3aa04b985430409826daa9c402\transformed\monitor-1.7.2\jars\classes.jar;C:\Users\INDIA TECHNOLOGY\.gradle\caches\8.11.1\transforms\69f1360811289b836b2b34af61519d60\transformed\sqlite-framework-2.4.0\jars\classes.jar;C:\Users\INDIA TECHNOLOGY\.gradle\caches\8.11.1\transforms\fbb4c1fc85d8ca28918417698fae60c0\transformed\sqlite-2.4.0\jars\classes.jar;C:\Users\INDIA TECHNOLOGY\.gradle\caches\8.11.1\transforms\ac167a1d0b37c28b875624878d9b26ef\transformed\annotation-experimental-1.4.1\jars\classes.jar;C:\Users\INDIA TECHNOLOGY\.gradle\caches\8.11.1\transforms\44f19fe379bf1140b23c468c0e1a3d0e\transformed\profileinstaller-1.3.1\jars\classes.jar;C:\Users\INDIA TECHNOLOGY\.gradle\caches\8.11.1\transforms\8be2e5f8f9f89a2dfd63ff95ef0539e8\transformed\startup-runtime-1.1.1\jars\classes.jar;C:\Users\INDIA TECHNOLOGY\.gradle\caches\8.11.1\transforms\c7b13e8b0dffd06f2da166d550ce5e96\transformed\tracing-1.2.0\jars\classes.jar;C:\Users\INDIA TECHNOLOGY\.gradle\caches\8.11.1\transforms\5124fd51cc74f9d52de379d203b3e9ac\transformed\tracing-ktx-1.2.0\jars\classes.jar;C:\Users\INDIA TECHNOLOGY\.gradle\caches\8.11.1\transforms\2a4c814e1cd4c6ce8de15ae30ea6fafb\transformed\core-runtime-2.2.0\jars\classes.jar;C:\Users\INDIA TECHNOLOGY\.gradle\caches\8.11.1\transforms\f280511c1e8df8d13e1a54785f688de8\transformed\exifinterface-1.3.2\jars\classes.jar;C:\Users\INDIA TECHNOLOGY\.gradle\caches\8.11.1\transforms\e91a3da5bb65c3b0101b95a982ef5971\transformed\interpolator-1.0.0\jars\classes.jar;C:\Users\INDIA TECHNOLOGY\.gradle\caches\8.11.1\transforms\ef92ce2fcb5d56dd4339e94afa462e2a\transformed\versionedparcelable-1.1.1\jars\classes.jar;C:\Users\INDIA TECHNOLOGY\.gradle\caches\8.11.1\transforms\df7176153308f44dcf0714b8f0220908\transformed\cursoradapter-1.0.0\jars\classes.jar;C:\Users\INDIA TECHNOLOGY\.gradle\caches\8.11.1\transforms\2aa4a8b4e10d804abea99e31209886bb\transformed\espresso-idling-resource-3.6.1\jars\classes.jar;C:\Users\INDIA TECHNOLOGY\.gradle\caches\8.11.1\transforms\3f6d7a4c98f5ec86615aaa08c2a96e9e\transformed\dagger-lint-aar-2.52\jars\classes.jar;D:\Github\Tandem\android\app\build\intermediates\compile_and_runtime_not_namespaced_r_class_jar\debug\processDebugResources\R.jar;C:\Users\INDIA TECHNOLOGY\.gradle\caches\8.11.1\transforms\456c98018c5f5c134bb7a33063d13b28\transformed\android.jar
Launcher Type: SUN_STANDARD

[Global flags]
     intx CICompilerCount                          = 12                                        {product} {ergonomic}
     uint ConcGCThreads                            = 3                                         {product} {ergonomic}
     uint G1ConcRefinementThreads                  = 13                                        {product} {ergonomic}
   size_t G1HeapRegionSize                         = 1048576                                   {product} {ergonomic}
    uintx GCDrainStackTargetSize                   = 64                                        {product} {ergonomic}
   size_t InitialHeapSize                          = 536870912                                 {product} {ergonomic}
   size_t MarkStackSize                            = 4194304                                   {product} {ergonomic}
   size_t MaxHeapSize                              = 536870912                                 {product} {command line}
   size_t MaxNewSize                               = 321912832                                 {product} {ergonomic}
   size_t MinHeapDeltaBytes                        = 1048576                                   {product} {ergonomic}
   size_t MinHeapSize                              = 8388608                                   {product} {ergonomic}
    uintx NonNMethodCodeHeapSize                   = 7602480                                {pd product} {ergonomic}
    uintx NonProfiledCodeHeapSize                  = 122027880                              {pd product} {ergonomic}
    uintx ProfiledCodeHeapSize                     = 122027880                              {pd product} {ergonomic}
    uintx ReservedCodeCacheSize                    = 251658240                              {pd product} {ergonomic}
     bool SegmentedCodeCache                       = true                                      {product} {ergonomic}
   size_t SoftMaxHeapSize                          = 536870912                              {manageable} {ergonomic}
     bool UseCompressedOops                        = true                           {product lp64_product} {ergonomic}
     bool UseG1GC                                  = true                                      {product} {ergonomic}
     bool UseLargePagesIndividualAllocation        = false                                  {pd product} {ergonomic}

Logging:
Log output configuration:
 #0: stdout all=warning uptime,level,tags foldmultilines=false
 #1: stderr all=off uptime,level,tags foldmultilines=false

Release file:
IMPLEMENTOR="Eclipse Adoptium" 
IMPLEMENTOR_VERSION="Temurin-21.0.12+8" 
JAVA_RUNTIME_VERSION="21.0.12+8-LTS" 
JAVA_VERSION="21.0.12" 
JAVA_VERSION_DATE="2026-07-21" 
LIBC="default" 
MODULES="java.base java.compiler java.datatransfer java.xml java.prefs java.desktop java.instrument java.logging java.management java.security.sasl java.naming java.rmi java.management.rmi java.net.http java.scripting java.security.jgss java.transaction.xa java.sql java.sql.rowset java.xml.crypto java.se java.smartcardio jdk.accessibility jdk.internal.jvmstat jdk.attach jdk.charsets jdk.internal.opt jdk.zipfs jdk.compiler jdk.crypto.ec jdk.crypto.cryptoki jdk.crypto.mscapi jdk.dynalink jdk.internal.ed jdk.editpad jdk.hotspot.agent jdk.httpserver jdk.incubator.vector jdk.internal.le jdk.internal.vm.ci jdk.internal.vm.compiler jdk.internal.vm.compiler.management jdk.jartool jdk.javadoc jdk.jcmd jdk.management jdk.management.agent jdk.jconsole jdk.jdeps jdk.jdwp.agent jdk.jdi jdk.jfr jdk.jlink jdk.jpackage jdk.jshell jdk.jsobject jdk.jstatd jdk.localedata jdk.management.jfr jdk.naming.dns jdk.naming.rmi jdk.net jdk.nio.mapmode jdk.random jdk.sctp jdk.security.auth jdk.security.jgss jdk.unsupported jdk.unsupported.desktop jdk.xml.dom" 
OS_ARCH="x86_64" 
OS_NAME="Windows" 
SOURCE=".:git:04806bcb1d50" 
BUILD_SOURCE="git:e6ba7dec3d07654074559310376a3ae89da5f4ac"
BUILD_SOURCE_REPO="https://github.com/adoptium/temurin-build.git"
SOURCE_REPO="https://github.com/adoptium/jdk21u.git"
FULL_VERSION="21.0.12+8-LTS"
SEMANTIC_VERSION="21.0.12+8"
BUILD_INFO="OS: Windows Server 2022 Version: 10.0"
JVM_VARIANT="Hotspot"
JVM_VERSION="21.0.12+8-LTS"
IMAGE_TYPE="JDK"

Environment Variables:
JAVA_HOME=C:\Program Files\Eclipse Adoptium\jdk-21.0.12.8-hotspot
CLASSPATH=D:\Github\Tandem\android\\gradle\wrapper\gradle-wrapper.jar
PATH=C:\Program Files\Common Files\Oracle\Java\javapath;C:\Windows\system32;C:\Windows;C:\Windows\System32\Wbem;C:\Windows\System32\WindowsPowerShell\v1.0\;C:\Windows\System32\OpenSSH\;C:\Program Files\NVIDIA Corporation\NVIDIA App\NvDLISR;C:\Program Files\dotnet\;C:\Program Files (x86)\NVIDIA Corporation\PhysX\Common;C:\Users\INDIA TECHNOLOGY\AppData\Local\Programs\Python\Python313\;C:\Users\INDIA TECHNOLOGY\AppData\Local\Programs\Python\Python313\Scripts\;C:\Program Files (x86)\Google\Cloud SDK\google-cloud-sdk\bin;C:\Program Files\Git\cmd;C:\Program Files\Tailscale\;C:\Program Files\Amazon\AWSCLIV2\;C:\Program Files\Docker\Docker\resources\bin;C:\Program Files\nodejs\;C:\Users\INDIA TECHNOLOGY\.grok\bin;C:\Users\INDIA TECHNOLOGY\.kimi-code\bin;C:\Users\INDIA TECHNOLOGY\.local\bin;C:\Users\INDIA TECHNOLOGY\.amp\bin;C:\Users\INDIA TECHNOLOGY\.cargo\bin;C:\Users\INDIA TECHNOLOGY\AppData\Local\Programs\Python\Python313\Scripts\;C:\Users\INDIA TECHNOLOGY\AppData\Local\Programs\Python\Python313\;C:\Users\INDIA TECHNOLOGY\AppData\Local\Microsoft\WindowsApps;C:\Users\INDIA TECHNOLOGY\AppData\Local\Programs\Microsoft VS Code\bin;C:\Users\INDIA TECHNOLOGY\AppData\Local\Python\bin;C:\ProgramData\INDIA TECHNOLOGY\GitHubDesktop\bin;C:\Users\INDIA TECHNOLOGY\AppData\Local\GitHubDesktop\bin;C:\Users\INDIA TECHNOLOGY\AppData\Local\Programs\cursor\resources\app\bin;C:\Users\INDIA TECHNOLOGY\.bun\bin;C:\Users\INDIA TECHNOLOGY\AppData\Local\Microsoft\WinGet\Packages\Kubernetes.kubectl_Microsoft.Winget.Source_8wekyb3d8bbwe;C:\Users\INDIA TECHNOLOGY\AppData\Local\PowerToys\DSCModules\;C:\Users\INDIA TECHNOLOGY\AppData\Roaming\npm;C:\Users\INDIA TECHNOLOGY\.openclaw\bin;C:\Users\INDIA TECHNOLOGY\AppData\Local\cursor-agent
USERNAME=INDIA TECHNOLOGY
OS=Windows_NT
PROCESSOR_IDENTIFIER=Intel64 Family 6 Model 183 Stepping 1, GenuineIntel
TMP=C:\Users\INDIAT~1\AppData\Local\Temp
TEMP=C:\Users\INDIAT~1\AppData\Local\Temp




Periodic native trim disabled

---------------  S Y S T E M  ---------------

OS:
 Windows 11 , 64 bit Build 26100 (10.0.26100.8875)
OS uptime: 8 days 11:18 hours
Hyper-V role detected

CPU: total 16 (initial active 16) (8 cores per cpu, 2 threads per core) family 6 model 183 stepping 1 microcode 0x133, cx8, cmov, fxsr, ht, mmx, 3dnowpref, sse, sse2, sse3, ssse3, sse4.1, sse4.2, popcnt, lzcnt, tsc, tscinvbit, avx, avx2, aes, erms, clmul, bmi1, bmi2, adx, sha, fma, vzeroupper, clflush, clflushopt, clwb, hv, serialize, rdtscp, rdpid, fsrm, f16c, cet_ibt, cet_ss
Processor Information for the first 16 processors :
  Max Mhz: 2400, Current Mhz: 2400, Mhz Limit: 2400

Memory: 4k page, system-wide physical 40644M (4922M free)
TotalPageFile size 48836M (AvailPageFile size 11M)
current process WorkingSet (physical memory assigned to process): 191M, peak: 197M
current process commit charge ("private bytes"): 682M, peak: 691M

vm_info: OpenJDK 64-Bit Server VM (21.0.12+8-LTS) for windows-amd64 JRE (21.0.12+8-LTS), built on 2026-07-21T00:00:00Z by "admin" with MS VC++ 17.12 (VS2022)

END.
